Player,Squad,Comp,Pos,Age,Min,90s,OffScore_abs,OffBand,MidScore_abs,MidBand,DefScore_abs,DefBand
Brenden Aaronson,Leeds United,eng Premier League,FW,25.0,711,7.9,256.41278930700264,Solid Squad Player,,,,
Himad Abdelli,Angers,fr Ligue 1,MF,26.0,618,6.9,,,373.14009661835746,Solid Squad Player,,
Laurent Abergel,Lorient,fr Ligue 1,MF,32.0,1036,11.5,,,273.7971014492754,Solid Squad Player,,
Matthis Abline,Nantes,fr Ligue 1,FW,22.0,888,9.9,328.98017209128324,Solid Squad Player,,,,
Abner,Lyon,fr Ligue 1,DF,25.0,450,5.0,,,,,274.49557226399327,Solid Squad Player
Abdel Abqar,Getafe,es La Liga,DF,26.0,507,5.6,,,,,406.76442187720386,Top Starter
Francis Abu,Toulouse,fr Ligue 1,MF,24.0,526,5.8,,,150.68965517241378,Below Big-5 Level,,
Francesco Acerbi,Inter,it Serie A,DF,37.0,622,6.9,,,,,420.7998256510841,Top Starter
Akor Adams,Sevilla,es La Liga,FW,25.0,492,5.5,378.73833573833576,Solid Squad Player,,,,
Che Adams,Torino,it Serie A,FW,29.0,484,5.4,302.7574256039864,Solid Squad Player,,,,
Tyler Adams,Bournemouth,eng Premier League,MF,26.0,952,10.6,,,260.8805031446541,Solid Squad Player,,
Karim Adeyemi,Dortmund,de Bundesliga,FW,23.0,503,5.6,407.9674981103554,Top Starter,,,,
Michel Aebischer,Pisa,it Serie A,MF,28.0,808,9.0,,,284.0,Solid Squad Player,,
David Affengruber,Elche,es La Liga,DF,24.0,933,10.4,,,,,488.56435961699117,Top Starter
Emmanuel Agbadou,Wolves,eng Premier League,DF,28.0,561,6.2,,,,,470.15064543078125,Top Starter
Lucien Agoume,Sevilla,es La Liga,MF,23.0,751,8.3,,,438.63453815261045,Top Starter,,
Felix Agu,Werder Bremen,de Bundesliga,DF,26.0,483,5.4,,,,,425.6307435254803,Top Starter
Marc Aguado,Elche,es La Liga,MF,25.0,715,7.9,,,152.82700421940928,Below Big-5 Level,,
Nayef Aguerd,Marseille,fr Ligue 1,DF,29.0,708,7.9,,,,,402.60059431278614,Top Starter
Ruben Aguilar,Lens,fr Ligue 1,DF,32.0,897,10.0,,,,,350.0397660818713,Solid Squad Player
Honest Ahanor,Atalanta,it Serie A,DF,17.0,471,5.2,,,,,468.6678234046655,Top Starter
Tosin Aiyegun,Lorient,fr Ligue 1,FW,27.0,650,7.2,417.91521793902746,Top Starter,,,,
Ludovic Ajorque,Brest,fr Ligue 1,FW,31.0,1074,11.9,246.44750598652158,Solid Squad Player,,,,
Manuel Akanji,Inter,it Serie A,DF,30.0,810,9.0,,,,,299.69590643274853,Solid Squad Player
Ebenezer Akinsanmiro,Pisa,it Serie A,MF,20.0,751,8.3,,,390.93975903614455,Solid Squad Player,,
Maghnes Akliouche,Monaco,fr Ligue 1,FW,23.0,866,9.6,426.7144746787603,Top Starter,,,,
Clément Akpa,Auxerre,fr Ligue 1,DF,23.0,900,10.0,,,,,338.41737677527146,Solid Squad Player
Jean-Daniel Akpa-Akpro,Hellas Verona,it Serie A,MF,33.0,449,5.0,,,170.58666666666667,Below Big-5 Level,,
Omar Alderete,Sunderland,eng Premier League,DF,28.0,668,7.4,,,,,398.0130506446296,Solid Squad Player
Alexandre Alemão,Rayo Vallecano,es La Liga,FW,27.0,513,5.7,195.78353290633993,Below Big-5 Level,,,,
Carles Aleñá,Alavés,es La Liga,FW,27.0,739,8.2,215.04479840716778,Solid Squad Player,,,,
Marcos Alonso,Celta Vigo,es La Liga,DF,34.0,713,7.9,,,,,432.835675687108,Top Starter
Sergi Altimira,Betis,es La Liga,MF,24.0,450,5.0,,,376.6666666666667,Solid Squad Player,,
Carlos Álvarez,Levante,es La Liga,Off_MF,22.0,760,8.4,352.97828798185935,Solid Squad Player,,,,
Julián Álvarez,Atlético Madrid,es La Liga,FW,25.0,938,10.4,676.7064073492644,Top Starter,,,,
Kelvin Amian,Nantes,fr Ligue 1,DF,27.0,1080,12.0,,,,,313.76998050682255,Solid Squad Player
Michael Amir Murillo,Marseille,fr Ligue 1,DF,29.0,786,8.7,,,,,261.26158307646506,Solid Squad Player
Nadiem Amiri,Mainz 05,de Bundesliga,Off_MF,29.0,854,9.5,441.96992481203006,Top Starter,,,,
Mohamed Amoura,Wolfsburg,de Bundesliga,FW,25.0,624,6.9,557.5382913229703,Top Starter,,,,
Ethan Ampadu,Leeds United,eng Premier League,MF,25.0,787,8.7,,,188.73563218390808,Below Big-5 Level,,
Sofyan Amrabat,Betis,es La Liga,MF,29.0,558,6.2,,,281.7204301075269,Solid Squad Player,,
Joachim Andersen,Fulham,eng Premier League,DF,29.0,851,9.5,,,,,423.8568350701314,Top Starter
Elliot Anderson,Nott'ham Forest,eng Premier League,MF,23.0,990,11.0,,,512.8484848484849,Top Starter,,
André,Wolves,eng Premier League,MF,24.0,705,7.8,,,154.87179487179486,Below Big-5 Level,,
Benjamin André,Lille,fr Ligue 1,MF,35.0,889,9.9,,,420.33670033670035,Top Starter,,
Robert Andrich,Leverkusen,de Bundesliga,MF,31.0,599,6.7,,,232.23880597014926,Solid Squad Player,,
Samuele Angori,Pisa,it Serie A,DF,22.0,457,5.1,,,,,313.4776930442565,Solid Squad Player
Ilyas Ansah,Union Berlin,de Bundesliga,FW,21.0,674,7.5,359.80057949105566,Solid Squad Player,,,,
Jaidon Anthony,Burnley,eng Premier League,FW,25.0,886,9.8,345.69893717124035,Solid Squad Player,,,,
Waldemar Anton,Dortmund,de Bundesliga,DF,29.0,900,10.0,,,,,393.75705931495406,Solid Squad Player
Antony,Betis,es La Liga,FW,25.0,678,7.5,546.5296044343664,Top Starter,,,,
Mauro Arambarri,Getafe,es La Liga,MF,30.0,1059,11.8,,,180.22598870056498,Below Big-5 Level,,
Jon Aramburu,Real Sociedad,es La Liga,DF,23.0,902,10.0,,,,,338.40267335004177,Solid Squad Player
Ronald Araújo,Barcelona,es La Liga,DF,26.0,604,6.7,,,,,351.22233444307284,Solid Squad Player
Carlens Arcus,Angers,fr Ligue 1,DF,29.0,1057,11.7,,,,,365.2464494569758,Solid Squad Player
Jesús Areso,Athletic Club,es La Liga,DF,26.0,742,8.2,,,,,331.647003688082,Solid Squad Player
Jhon Arias,Wolves,eng Premier League,FW,28.0,547,6.1,150.98299319727892,Below Big-5 Level,,,,
Hákon Arnar Haraldsson,Lille,fr Ligue 1,FW,22.0,908,10.1,468.5602403777793,Top Starter,,,,
Maximilian Arnold,Wolfsburg,de Bundesliga,Def_MF,31.0,810,9.0,,,,,407.32903918411165,Top Starter
Kervin Arriaga,Levante,es La Liga,MF,27.0,562,6.2,,,221.72043010752685,Solid Squad Player,,
Fisnik Asllani,Hoffenheim,de Bundesliga,FW,23.0,670,7.4,591.895579252722,Top Starter,,,,
Kristjan Asllani,Torino,it Serie A,MF,23.0,608,6.8,,,282.4509803921569,Solid Squad Player,,
Dehmaine Assoumani,Nantes,fr Ligue 1,MF,20.0,531,5.9,,,335.9322033898305,Solid Squad Player,,
Otavio Ataide,Paris FC,fr Ligue 1,DF,23.0,848,9.4,,,,,487.23724204127336,Top Starter
Arthur Atta,Udinese,it Serie A,Off_MF,22.0,947,10.5,304.6431972789115,Solid Squad Player,,,,
Pierre-Emerick Aubameyang,Marseille,fr Ligue 1,FW,36.0,629,7.0,567.9226325450815,Top Starter,,,,
Leon Avdullahu,Hoffenheim,de Bundesliga,MF,21.0,846,9.4,,,327.37588652482265,Solid Squad Player,,
Arthur Avom,Lorient,fr Ligue 1,MF,20.0,908,10.1,,,499.73597359735976,Top Starter,,
Chidozie Awaziem,Nantes,fr Ligue 1,DF,28.0,1065,11.8,,,,,457.5387621596363,Top Starter
Yasin Ayari,Brighton,eng Premier League,MF,22.0,872,9.7,,,270.3092783505155,Solid Squad Player,,
César Azpilicueta,Sevilla,es La Liga,DF,36.0,497,5.5,,,,,519.7818789397737,Top Starter
Loïc Bade,Leverkusen,de Bundesliga,DF,25.0,711,7.9,,,,,434.0505271617862,Top Starter
Samson Baidoo,Lens,fr Ligue 1,DF,21.0,945,10.5,,,,,473.73417671162025,Top Starter
Johan Bakayoko,RB Leipzig,de Bundesliga,FW,22.0,559,6.2,302.52660132153215,Solid Squad Player,,,,
Ridle Baku,RB Leipzig,de Bundesliga,DF,27.0,884,9.8,,,,,424.08333759568984,Top Starter
Alejandro Balde,Barcelona,es La Liga,DF,22.0,586,6.5,,,,,242.6733500417711,Solid Squad Player
Carlos Baleba,Brighton,eng Premier League,MF,21.0,645,7.2,,,149.25925925925927,Below Big-5 Level,,
Leonardo Balerdi,Marseille,fr Ligue 1,DF,26.0,606,6.7,,,,,413.3148792378957,Top Starter
Daniel Ballard,Sunderland,eng Premier League,DF,26.0,582,6.5,,,,,417.9161189687505,Top Starter
Folarin Balogun,Monaco,fr Ligue 1,FW,24.0,580,6.4,576.120842781557,Top Starter,,,,
Mohamed Bamba,Lorient,fr Ligue 1,FW,23.0,573,6.4,255.50151171579745,Solid Squad Player,,,,
Valentín Barco,Strasbourg,fr Ligue 1,MF,21.0,986,11.0,,,714.7272727272729,Top Starter,,
Bradley Barcola,Paris S-G,fr Ligue 1,FW,23.0,634,7.0,516.1432350718064,Top Starter,,,,
Melvin Bard,Nice,fr Ligue 1,Def_MF,25.0,990,11.0,,,,,332.3645147123408,Solid Squad Player
Nicolò Barella,Inter,it Serie A,Off_MF,28.0,841,9.3,415.34687233316265,Top Starter,,,,
Harvey Barnes,Newcastle Utd,eng Premier League,FW,27.0,470,5.2,282.2211175068317,Solid Squad Player,,,,
Ander Barrenetxea,Real Sociedad,es La Liga,FW,23.0,832,9.2,355.3602648788985,Solid Squad Player,,,,
Pablo Barrios,Atlético Madrid,es La Liga,MF,22.0,856,9.5,,,367.7894736842105,Solid Squad Player,,
Davide Bartesaghi,Milan,it Serie A,FW,19.0,488,5.4,107.70093222474173,Below Big-5 Level,,,,
Marc Bartra,Betis,es La Liga,DF,34.0,675,7.5,,,,,503.65647451963235,Top Starter
Federico Baschirotto,Cremonese,it Serie A,DF,29.0,990,11.0,,,,,408.7181590339485,Top Starter
Toma Bašić,Lazio,it Serie A,MF,28.0,497,5.5,,,357.57575757575756,Solid Squad Player,,
Calvin Bassey,Fulham,eng Premier League,DF,25.0,909,10.1,,,,,379.2921247011918,Solid Squad Player
Alessandro Bastoni,Inter,it Serie A,DF,26.0,863,9.6,,,,,319.95405179615705,Solid Squad Player
Christoph Baumgartner,RB Leipzig,de Bundesliga,MF,26.0,776,8.6,,,571.9069767441861,Top Starter,,
Maximilian Beier,Dortmund,de Bundesliga,FW,23.0,557,6.2,319.64169897349615,Solid Squad Player,,,,
Rafik Belghali,Hellas Verona,it Serie A,FW,23.0,756,8.4,135.31308713961775,Below Big-5 Level,,,,
Haris Belkebla,Angers,fr Ligue 1,Def_MF,31.0,1063,11.8,,,,,329.3482354867764,Solid Squad Player
Yassin Belkhdim,Angers,fr Ligue 1,FW,23.0,938,10.4,117.1507064364207,Below Big-5 Level,,,,
Raoul Bellanova,Atalanta,it Serie A,DF,25.0,655,7.3,,,,,189.1103016986218,Below Big-5 Level
Jean-Ricner Bellegarde,Wolves,eng Premier League,FW,27.0,477,5.3,132.4664356308561,Below Big-5 Level,,,,
Héctor Bellerín,Betis,es La Liga,DF,30.0,956,10.6,,,,,272.9433647010608,Solid Squad Player
Jude Bellingham,Real Madrid,es La Liga,Off_MF,22.0,472,5.2,563.0112942612942,Top Starter,,,,
Ramy Bensebaini,Dortmund,de Bundesliga,DF,30.0,765,8.5,,,,,385.59536095139805,Solid Squad Player
Rodrigo Bentancur,Tottenham,eng Premier League,MF,28.0,657,7.3,,,373.33333333333337,Solid Squad Player,,
Lucas Beraldo,Paris S-G,fr Ligue 1,DF,21.0,579,6.4,,,,,423.2362155388471,Top Starter
Domenico Berardi,Sassuolo,it Serie A,FW,31.0,754,8.4,478.91860130295504,Top Starter,,,,
Yuri Berchiche,Athletic Club,es La Liga,DF,35.0,1035,11.5,,,,,328.1450001816134,Solid Squad Player
Álex Berenguer,Athletic Club,es La Liga,FW,30.0,750,8.3,201.28514056224898,Solid Squad Player,,,,
Sander Berge,Fulham,eng Premier League,MF,27.0,958,10.6,,,259.37106918238993,Solid Squad Player,,
Medon Berisha,Lecce,it Serie A,MF,22.0,659,7.3,,,599.3607305936073,Top Starter,,
Adrian Bernabe,Parma,it Serie A,MF,24.0,867,9.6,,,403.95833333333337,Top Starter,,
Bernardo,Hoffenheim,de Bundesliga,DF,30.0,890,9.9,,,,,522.4218796148621,Top Starter
Antoine Bernede,Hellas Verona,it Serie A,MF,26.0,795,8.8,,,269.3484848484848,Solid Squad Player,,
Jan-Niklas Beste,Freiburg,de Bundesliga,FW,26.0,564,6.3,120.70402764280315,Below Big-5 Level,,,,
Beto,Everton,eng Premier League,FW,27.0,609,6.8,253.2201102663288,Solid Squad Player,,,,
Matteo Bianchetti,Cremonese,it Serie A,DF,32.0,877,9.7,,,,,402.1875995831503,Top Starter
Mika Biereth,Monaco,fr Ligue 1,FW,22.0,615,6.8,203.71730914588056,Solid Squad Player,,,,
Pedro Bigas,Elche,es La Liga,DF,35.0,840,9.3,,,,,472.6037315511,Top Starter
Cristiano Biraghi,Torino,it Serie A,MF,33.0,459,5.1,,,339.5294117647059,Solid Squad Player,,
Antonio Blanco,Alavés,es La Liga,MF,25.0,935,10.4,,,244.80769230769232,Solid Squad Player,,
Ludovic Blas,Rennes,fr Ligue 1,Off_MF,27.0,586,6.5,501.02890720390724,Top Starter,,,,
Daley Blind,Girona,es La Liga,DF,35.0,952,10.6,,,,,459.5734619567787,Top Starter
Oscar Bobb,Manchester City,eng Premier League,FW,22.0,454,5.0,201.22108843537418,Solid Squad Player,,,,
Sacha Boey,Bayern Munich,de Bundesliga,DF,25.0,463,5.1,,,,,266.370501416941,Solid Squad Player
Jeremie Boga,Nice,fr Ligue 1,FW,28.0,608,6.8,401.62969632297364,Top Starter,,,,
Jayden Bogle,Leeds United,eng Premier League,DF,25.0,958,10.6,,,,,305.18686653741275,Solid Squad Player
Federico Bonazzoli,Cremonese,it Serie A,FW,28.0,481,5.3,457.49202783838905,Top Starter,,,,
Warren Bondo,Cremonese,it Serie A,MF,22.0,756,8.4,,,195.15873015873015,Below Big-5 Level,,
Rahim Bonkano,Oviedo,es La Liga,DF,23.0,760,8.4,,,,,375.0272506663483,Solid Squad Player
Gennaro Borrelli,Cagliari,it Serie A,FW,25.0,501,5.6,189.60328258287439,Below Big-5 Level,,,,
Sven Botman,Newcastle Utd,eng Premier League,DF,25.0,642,7.1,,,,,412.761481167708,Top Starter
Ayyoub Bouaddi,Lille,fr Ligue 1,MF,18.0,898,10.0,,,360.73333333333335,Solid Squad Player,,
Hicham Boudaoui,Nice,fr Ligue 1,MF,26.0,817,9.1,,,527.809523809524,Top Starter,,
Jarrod Bowen,West Ham,eng Premier League,FW,28.0,990,11.0,289.67882910740053,Solid Squad Player,,,,
Lucas Boyé,Alavés,es La Liga,FW,29.0,551,6.1,333.5683555753814,Solid Squad Player,,,,
Enzo Boyomo,Osasuna,es La Liga,DF,24.0,1067,11.9,,,,,397.28003482094584,Solid Squad Player
Domagoj Bradarić,Hellas Verona,it Serie A,FW,25.0,784,8.7,80.77527562749239,Below Big-5 Level,,,,
Conor Bradley,Liverpool,eng Premier League,DF,22.0,530,5.9,,,,,399.5344292935729,Solid Squad Player
Lilian Brassier,Rennes,fr Ligue 1,DF,26.0,577,6.4,,,,,338.76879699248116,Solid Squad Player
Abel Bretones,Osasuna,es La Liga,MF,25.0,897,10.0,,,255.07999999999998,Solid Squad Player,,
Sascha Britschgi,Parma,it Serie A,DF,19.0,571,6.3,,,,,194.76512348692802,Below Big-5 Level
David Brooks,Bournemouth,eng Premier League,FW,28.0,551,6.1,216.20168395226946,Solid Squad Player,,,,
Nathaniel Brown,Eint Frankfurt,de Bundesliga,FW,22.0,706,7.8,270.7272128224509,Solid Squad Player,,,,
Brugui,Levante,es La Liga,FW,29.0,769,8.5,138.01820728291318,Below Big-5 Level,,,,
Tajon Buchanan,Villarreal,es La Liga,Off_MF,26.0,729,8.1,355.88703703703703,Solid Squad Player,,,,
Ante Budimir,Osasuna,es La Liga,FW,34.0,900,10.0,351.5910808767953,Solid Squad Player,,,,
Hugo Bueno,Wolves,eng Premier League,Off_MF,23.0,794,8.8,137.98207070707068,Below Big-5 Level,,,,
Santiago Bueno,Wolves,eng Premier League,DF,27.0,665,7.4,,,,,437.5271512113617,Top Starter
Marius Bülter,Köln,de Bundesliga,FW,32.0,485,5.4,542.5809327846363,Top Starter,,,,
Alessandro Buongiorno,Napoli,it Serie A,DF,26.0,566,6.3,,,,,363.4270862341038,Solid Squad Player
Wouter Burger,Hoffenheim,de Bundesliga,MF,24.0,722,8.0,,,665.5833333333334,Top Starter,,
Jonathan Burkardt,Eint Frankfurt,de Bundesliga,FW,25.0,603,6.7,630.8944393677868,Top Starter,,,,
Oliver Burke,Union Berlin,de Bundesliga,FW,28.0,481,5.3,401.2938219312883,Top Starter,,,,
Dan Burn,Newcastle Utd,eng Premier League,DF,33.0,972,10.8,,,,,354.4274265911692,Solid Squad Player
Marnon Busch,Heidenheim,de Bundesliga,Def_MF,30.0,505,5.6,,,,,440.3899240855763,Top Starter
Leandro Cabrera,Espanyol,es La Liga,DF,34.0,990,11.0,,,,,336.4477861319966,Solid Squad Player
Moisés Caicedo,Chelsea,eng Premier League,MF,24.0,945,10.5,,,404.1904761904762,Top Starter,,
Riccardo Calafiori,Arsenal,eng Premier League,DF,23.0,856,9.5,,,,,249.63883392692253,Solid Squad Player
Fernando Calero,Espanyol,es La Liga,DF,30.0,581,6.5,,,,,528.1943319838056,Top Starter
Duje Ćaleta-Car,Real Sociedad,es La Liga,DF,29.0,697,7.7,,,,,359.02483481430846,Solid Squad Player
Hakan Çalhanoğlu,Inter,it Serie A,MF,31.0,694,7.7,,,669.7835497835498,Top Starter,,
Dominic Calvert-Lewin,Leeds United,eng Premier League,FW,28.0,614,6.8,233.93279534035833,Solid Squad Player,,,,
Dani Calvo,Oviedo,es La Liga,DF,31.0,540,6.0,,,,,369.0183033340927,Solid Squad Player
Adama Camara,Paris FC,fr Ligue 1,MF,29.0,716,8.0,,,244.50000000000003,Solid Squad Player,,
Mahdi Camara,Rennes,fr Ligue 1,MF,27.0,719,8.0,,,318.0,Solid Squad Player,,
Ousmane Camara,Angers,fr Ligue 1,DF,22.0,963,10.7,,,,,471.9921014657857,Top Starter
Nicolò Cambiaghi,Bologna,it Serie A,FW,24.0,622,6.9,487.69382277870886,Top Starter,,,,
Andrea Cambiaso,Juventus,it Serie A,FW,25.0,749,8.3,260.49866586527514,Solid Squad Player,,,,
Simone Canestrelli,Pisa,it Serie A,DF,25.0,990,11.0,,,,,404.88250930356185,Top Starter
Nicolás Capaldo,Hamburger SV,de Bundesliga,Def_MF,28.0,567,6.3,,,,,401.22076527873634,Top Starter
Maxence Caqueret,Como,it Serie A,FW,25.0,465,5.2,217.660125588697,Solid Squad Player,,,,
Antonio Caracciolo,Pisa,it Serie A,DF,35.0,990,11.0,,,,,485.545544301525,Top Starter
Sergi Cardona,Villarreal,es La Liga,DF,26.0,727,8.1,,,,,401.3579778102196,Top Starter
Igor Carioca,Lorient,fr Ligue 1,DF,29.0,585,6.5,,,,,302.13996529785993,Solid Squad Player
Diego Carlos,Como,it Serie A,DF,32.0,668,7.4,,,,,414.45776603671334,Top Starter
Kevin Carlos,Nice,fr Ligue 1,FW,24.0,471,5.2,93.81580324437468,Below Big-5 Level,,,,
David Carmo,Oviedo,es La Liga,DF,26.0,733,8.1,,,,,479.902637251565,Top Starter
Carmona,Sevilla,es La Liga,Def_MF,23.0,915,10.2,,,,,448.54409396608884,Top Starter
Sergio Carreira,Celta Vigo,es La Liga,MF,25.0,803,8.9,,,366.66666666666663,Solid Squad Player,,
Álvaro Carreras,Real Madrid,es La Liga,DF,22.0,1071,11.9,,,,,342.98070105235075,Solid Squad Player
Cesare Casadei,Torino,it Serie A,MF,22.0,918,10.2,,,262.0261437908497,Solid Squad Player,,
Casemiro,Manchester Utd,eng Premier League,MF,33.0,614,6.8,,,467.843137254902,Top Starter,,
Matty Cash,Aston Villa,eng Premier League,DF,28.0,966,10.7,,,,,335.4729502884938,Solid Squad Player
Josué Casimir,Auxerre,fr Ligue 1,Off_MF,24.0,826,9.2,118.22367149758456,Below Big-5 Level,,,,
Cristian Cásseres Jr.,Toulouse,fr Ligue 1,MF,25.0,898,10.0,,,381.0,Solid Squad Player,,
Jonny Castro,Alavés,es La Liga,DF,31.0,1070,11.9,,,,,388.28949123509045,Solid Squad Player
Santiago Castro,Bologna,it Serie A,FW,21.0,597,6.6,465.24900936805705,Top Starter,,,,
Danilo Cataldi,Lazio,it Serie A,MF,31.0,764,8.5,,,361.09803921568624,Solid Squad Player,,
Catena,Osasuna,es La Liga,DF,31.0,1080,12.0,,,,,440.00055694792536,Top Starter
Zeki Çelik,Roma,it Serie A,DF,28.0,726,8.1,,,,,226.9492661695391,Solid Squad Player
Julian Chabot,Stuttgart,de Bundesliga,DF,27.0,637,7.1,,,,,454.79049737018596,Top Starter
Fares Chaïbi,Eint Frankfurt,de Bundesliga,Off_MF,22.0,640,7.1,485.13098591549306,Top Starter,,,,
Ilyas Chaira,Oviedo,es La Liga,FW,24.0,625,6.9,146.45558513260377,Below Big-5 Level,,,,
Trevoh Chalobah,Chelsea,eng Premier League,DF,26.0,840,9.3,,,,,394.0086776079984,Solid Squad Player
Brendan Chardonnet,Brest,fr Ligue 1,DF,30.0,881,9.8,,,,,455.86483214839814,Top Starter
Pep Chavarría,Rayo Vallecano,es La Liga,DF,27.0,1012,11.2,,,,,408.14894378804155,Top Starter
Samir Chergui,Paris FC,fr Ligue 1,DF,26.0,914,10.2,,,,,279.67762543613935,Solid Squad Player
Sidiki Cherif,Angers,fr Ligue 1,FW,18.0,679,7.5,319.5071806500378,Solid Squad Player,,,,
Ben Chilwell,Strasbourg,fr Ligue 1,DF,28.0,524,5.8,,,,,295.36254429176387,Solid Squad Player
Joris Chotard,Brest,fr Ligue 1,MF,24.0,905,10.1,,,178.15181518151815,Below Big-5 Level,,
Víctor Chust,Elche,es La Liga,DF,25.0,597,6.6,,,,,376.0370623528518,Solid Squad Player
Alessandro Circati,Parma,it Serie A,DF,22.0,850,9.4,,,,,462.06295881547834,Top Starter
Pathé Ciss,Rayo Vallecano,es La Liga,Def_MF,31.0,839,9.3,,,,,452.617006908732,Top Starter
Djaoui Cissé,Rennes,fr Ligue 1,Off_MF,21.0,474,5.3,192.7169811320755,Below Big-5 Level,,,,
Jonathan Clauss,Nice,fr Ligue 1,Off_MF,33.0,706,7.8,334.0206857956859,Solid Squad Player,,,,
Saúl Coco,Torino,it Serie A,DF,26.0,990,11.0,,,,,483.99605073289285,Top Starter
Nathan Collins,Brentford,eng Premier League,DF,24.0,990,11.0,,,,,424.50291016798195,Top Starter
Nnamdi Collins,Eint Frankfurt,de Bundesliga,DF,21.0,460,5.1,,,,,410.0827231477386,Top Starter
Santiago Colombatto,Oviedo,es La Liga,MF,28.0,541,6.0,,,477.11111111111114,Top Starter,,
Lorenzo Colombo,Genoa,it Serie A,FW,23.0,554,6.2,217.2263794406651,Solid Squad Player,,,,
Santi Comesaña,Villarreal,es La Liga,MF,29.0,703,7.8,,,598.803418803419,Top Starter,,
Francisco Conceição,Juventus,it Serie A,FW,22.0,569,6.3,237.54942470815485,Solid Squad Player,,,,
Copete,Valencia,es La Liga,DF,26.0,699,7.8,,,,,450.37636827110504,Top Starter
Félix Correia,Lille,fr Ligue 1,FW,24.0,864,9.6,454.144746787604,Top Starter,,,,
Danny da Costa,Mainz 05,de Bundesliga,DF,32.0,824,9.2,,,,,350.46311430750785,Solid Squad Player
Samu Costa,Mallorca,es La Liga,MF,24.0,682,7.6,,,263.1578947368421,Solid Squad Player,,
David Costas,Oviedo,es La Liga,DF,30.0,530,5.9,,,,,444.2067675609156,Top Starter
Vladimír Coufal,Hoffenheim,de Bundesliga,DF,33.0,888,9.9,,,,,356.28600119828184,Solid Squad Player
Abdoul Coulibaly,Werder Bremen,de Bundesliga,DF,18.0,802,8.9,,,,,424.3928172491152,Top Starter
Lassana Coulibaly,Lecce,it Serie A,MF,29.0,834,9.3,,,228.0573476702509,Solid Squad Player,,
Mamadou Coulibaly,Monaco,fr Ligue 1,MF,21.0,511,5.7,,,546.1988304093568,Top Starter,,
Soumaïla Coulibaly,Brest,fr Ligue 1,DF,22.0,450,5.0,,,,,408.572096908939,Top Starter
Yan Couto,Dortmund,de Bundesliga,Off_MF,23.0,470,5.2,304.95424297924296,Solid Squad Player,,,,
Nicolas Cozza,Nantes,fr Ligue 1,DF,26.0,570,6.3,,,,,264.03999416530746,Solid Squad Player
Charlie Cresswell,Toulouse,fr Ligue 1,DF,23.0,1080,12.0,,,,,409.3628515733779,Top Starter
Bryan Cristante,Roma,it Serie A,MF,30.0,929,10.3,,,371.6504854368932,Solid Squad Player,,
Juan Cruz Armada,Osasuna,es La Liga,DF,33.0,485,5.4,,,,,222.2313359155464,Solid Squad Player
Pau Cubarsí,Barcelona,es La Liga,DF,18.0,690,7.7,,,,,357.4772428907768,Solid Squad Player
Cucho,Betis,es La Liga,FW,26.0,1027,11.4,434.0247709220139,Top Starter,,,,
Marc Cucurella,Chelsea,eng Premier League,DF,27.0,896,10.0,,,,,377.8419381787802,Solid Squad Player
Josh Cullen,Burnley,eng Premier League,MF,29.0,942,10.5,,,382.3492063492063,Solid Squad Player,,
Matheus Cunha,Manchester Utd,eng Premier League,FW,26.0,683,7.6,243.83192107252262,Solid Squad Player,,,,
Patrick Cutrone,Parma,it Serie A,FW,27.0,678,7.5,189.67888636936257,Below Big-5 Level,,,,
Lucas Da Cunha,Como,it Serie A,MF,24.0,663,7.4,,,312.70270270270265,Solid Squad Player,,
Adam Daghim,Wolfsburg,de Bundesliga,FW,20.0,538,6.0,249.72499370118413,Solid Squad Player,,,,
Diogo Dalot,Manchester Utd,eng Premier League,DF,26.0,594,6.6,,,,,290.87374082589395,Solid Squad Player
Mikkel Damsgaard,Brentford,eng Premier League,Off_MF,25.0,716,8.0,267.81289682539676,Solid Squad Player,,,,
Arnaut Danjuma,Valencia,es La Liga,FW,28.0,888,9.9,318.70172243981773,Solid Squad Player,,,,
Kévin Danois,Auxerre,fr Ligue 1,MF,21.0,882,9.8,,,416.73469387755097,Top Starter,,
Sergi Darder,Mallorca,es La Liga,FW,31.0,929,10.3,182.0125487088039,Below Big-5 Level,,,,
Keinan Davis,Udinese,it Serie A,FW,27.0,557,6.2,501.9047253309926,Top Starter,,,,
Kevin De Bruyne,Napoli,it Serie A,Off_MF,34.0,566,6.3,617.8093474426806,Top Starter,,,,
Charles De Ketelaere,Atalanta,it Serie A,FW,24.0,563,6.3,375.49427107703747,Solid Squad Player,,,,
Thibault De Smet,Paris FC,fr Ligue 1,DF,27.0,655,7.3,,,,,248.14547784987585,Solid Squad Player
Romain Del Castillo,Brest,fr Ligue 1,FW,29.0,927,10.3,467.3929984075615,Top Starter,,,,
Enrico Del Prato,Parma,it Serie A,DF,26.0,990,11.0,,,,,286.4014581909318,Solid Squad Player
Jessy Deminguet,Metz,fr Ligue 1,MF,27.0,659,7.3,,,169.95433789954336,Below Big-5 Level,,
Ermedin Demirović,Stuttgart,de Bundesliga,FW,27.0,492,5.5,447.7803545660688,Top Starter,,,,
Sepp van den Berg,Brentford,eng Premier League,DF,23.0,990,11.0,,,,,361.98352630888513,Solid Squad Player
Leander Dendoncker,Oviedo,es La Liga,Def_MF,30.0,947,10.5,,,,,409.29882677708764,Top Starter
Kiernan Dewsbury-Hall,Everton,eng Premier League,Off_MF,27.0,885,9.8,298.38715581470683,Solid Squad Player,,,,
Giovanni Di Lorenzo,Napoli,it Serie A,DF,32.0,990,11.0,,,,,237.74527227158805,Solid Squad Player
Boulaye Dia,Lazio,it Serie A,FW,29.0,654,7.3,147.79729030120416,Below Big-5 Level,,,,
Mouctar Diakhaby,Valencia,es La Liga,DF,28.0,453,5.0,,,,,452.50860484544694,Top Starter
Bafodé Diakité,Bournemouth,eng Premier League,DF,24.0,720,8.0,,,,,401.11695906432743,Top Starter
Amad Diallo,Manchester Utd,eng Premier League,Off_MF,23.0,754,8.4,376.70631141345433,Solid Squad Player,,,,
Habib Diallo,Metz,fr Ligue 1,FW,30.0,787,8.7,350.39711210154564,Solid Squad Player,,,,
Rúben Dias,Manchester City,eng Premier League,DF,28.0,906,10.1,,,,,388.0638890956765,Solid Squad Player
Krépin Diatta,Monaco,fr Ligue 1,FW,26.0,553,6.1,210.1644362663098,Solid Squad Player,,,,
Junior Diaz,Brest,fr Ligue 1,DF,22.0,559,6.2,,,,,419.1103369371621,Top Starter
Luis Díaz,Bayern Munich,de Bundesliga,FW,28.0,802,8.9,751.3139825218477,World Class,,,,
Pedro Díaz,Rayo Vallecano,es La Liga,FW,27.0,770,8.6,107.62165796551179,Below Big-5 Level,,,,
Eric Dier,Monaco,fr Ligue 1,DF,31.0,540,6.0,,,,,459.75382901698686,Top Starter
Lucas Digne,Aston Villa,eng Premier League,DF,32.0,818,9.1,,,,,217.74262496067007,Solid Squad Player
Kevin Diks,Gladbach,de Bundesliga,DF,29.0,793,8.8,,,,,407.3357636515531,Top Starter
Federico Dimarco,Inter,it Serie A,DF,28.0,776,8.6,,,,,264.1028928911426,Solid Squad Player
Yan Diomandé,RB Leipzig,de Bundesliga,FW,19.0,533,5.9,527.7174180406627,Top Starter,,,,
Sofiane Diop,Nice,fr Ligue 1,FW,25.0,705,7.8,619.3013547299263,Top Starter,,,,
El Hadji Malick Diouf,West Ham,eng Premier League,DF,20.0,945,10.5,,,,,291.1851056211958,Solid Squad Player
Djené,Getafe,es La Liga,DF,33.0,774,8.6,,,,,349.6114493421714,Solid Squad Player
Berat Djimsiti,Atalanta,it Serie A,DF,32.0,784,8.7,,,,,348.1485322501656,Solid Squad Player
Ritsu Doan,Eint Frankfurt,de Bundesliga,FW,27.0,809,9.0,400.9328546233307,Top Starter,,,,
Dodô,Fiorentina,it Serie A,DF,27.0,980,10.9,,,,,223.42038025282832,Solid Squad Player
Danilho Doekhi,Union Berlin,de Bundesliga,DF,27.0,900,10.0,,,,,406.75306447938027,Top Starter
Josh Doig,Sassuolo,it Serie A,DF,23.0,752,8.4,,,,,398.6012650674304,Solid Squad Player
Jeremy Doku,Manchester City,eng Premier League,FW,23.0,621,6.9,430.13213272426515,Top Starter,,,,
Tyrhys Dolan,Espanyol,es La Liga,FW,23.0,800,8.9,194.92570511350607,Below Big-5 Level,,,,
Jean-Luc Dompé,Hamburger SV,de Bundesliga,FW,30.0,641,7.1,361.59307698040095,Solid Squad Player,,,,
Patrick Dorgu,Manchester Utd,eng Premier League,DF,21.0,626,7.0,,,,,354.07844286039773,Solid Squad Player
Niklas Dorsch,Heidenheim,de Bundesliga,MF,27.0,571,6.3,,,232.8042328042328,Solid Squad Player,,
Fodé Doucouré,Le Havre,fr Ligue 1,FW,24.0,540,6.0,387.2941546989165,Solid Squad Player,,,,
Guela Doué,Strasbourg,fr Ligue 1,DF,23.0,653,7.3,,,,,347.91361966560237,Solid Squad Player
Ismaël Doukouré,Strasbourg,fr Ligue 1,Def_MF,22.0,650,7.2,,,,,347.71336553945247,Solid Squad Player
Kamory Doumbia,Brest,fr Ligue 1,Off_MF,22.0,623,6.9,347.21116862203814,Solid Squad Player,,,,
Anastasios Douvikas,Como,it Serie A,FW,26.0,458,5.1,324.696404487721,Solid Squad Player,,,,
Domingos Duarte,Getafe,es La Liga,DF,30.0,855,9.5,,,,,355.5352815851431,Solid Squad Player
Denzel Dumfries,Inter,it Serie A,DF,29.0,719,8.0,,,,,160.8290423027265,Below Big-5 Level
Lewis Dunk,Brighton,eng Premier League,DF,33.0,990,11.0,,,,,368.90468595731755,Solid Squad Player
Pablo Durán,Celta Vigo,es La Liga,FW,24.0,517,5.7,256.28248531381365,Solid Squad Player,,,,
Hugo Duro,Valencia,es La Liga,FW,26.0,613,6.8,324.108910230759,Solid Squad Player,,,,
Paulo Dybala,Roma,it Serie A,FW,32.0,449,5.0,435.7479213907786,Top Starter,,,,
Aron Dønnum,Toulouse,fr Ligue 1,Off_MF,27.0,990,11.0,449.0722943722943,Top Starter,,,,
Éderson,Atalanta,it Serie A,MF,26.0,498,5.5,,,277.45454545454544,Solid Squad Player,,
Odsonne Édouard,Lens,fr Ligue 1,FW,27.0,511,5.7,648.6141676943682,Top Starter,,,,
Maximilian Eggestein,Freiburg,de Bundesliga,MF,28.0,900,10.0,,,266.8,Solid Squad Player,,
Kingsley Ehizibue,Udinese,it Serie A,DF,30.0,465,5.2,,,,,235.73373994426623,Solid Squad Player
Hjalmar Ekdal,Burnley,eng Premier League,DF,27.0,533,5.9,,,,,416.9100717896436,Top Starter
Hugo Ekitike,Liverpool,eng Premier League,FW,23.0,632,7.0,376.20084224165856,Solid Squad Player,,,,
Jacques Ekomie,Angers,fr Ligue 1,DF,22.0,735,8.2,,,,,403.5495242170467,Top Starter
Daniel Elfadli,Hamburger SV,de Bundesliga,DF,28.0,746,8.3,,,,,376.15806584734923,Solid Squad Player
Unai Elgezabal,Levante,es La Liga,Def_MF,32.0,804,8.9,,,,,371.94430874450416,Solid Squad Player
Mikael Ellertsson,Genoa,it Serie A,FW,23.0,817,9.1,150.09888033357416,Below Big-5 Level,,,,
Nico Elvedi,Gladbach,de Bundesliga,DF,29.0,900,10.0,,,,,448.50526315789466,Top Starter
Breel Embolo,Rennes,fr Ligue 1,FW,28.0,518,5.8,360.15677535381974,Solid Squad Player,,,,
Emersonn,Toulouse,fr Ligue 1,FW,21.0,464,5.2,353.4021745450316,Solid Squad Player,,,,
Yannik Engelhardt,Gladbach,de Bundesliga,Def_MF,24.0,630,7.0,,,,,408.61559696342306,Top Starter
Sebastiano Esposito,Cagliari,it Serie A,FW,23.0,721,8.0,188.24338624338625,Below Big-5 Level,,,,
Maxime Estève,Burnley,eng Premier League,DF,23.0,981,10.9,,,,,439.15058705980965,Top Starter
Karl Etta Eyong,Levante,es La Liga,FW,22.0,724,8.0,522.886999244142,Top Starter,,,,
Evanilson,Bournemouth,eng Premier League,FW,26.0,721,8.0,183.78420256991686,Below Big-5 Level,,,,
Edu Expósito,Espanyol,es La Liga,Off_MF,29.0,808,9.0,402.0001322751323,Top Starter,,,,
Eberechi Eze,Arsenal,eng Premier League,FW,27.0,618,6.9,302.3711645688871,Solid Squad Player,,,,
Abde Ezzalzouli,Betis,es La Liga,FW,23.0,555,6.2,567.7575890571281,Top Starter,,,,
Abdoulaye Faye,Lorient,fr Ligue 1,DF,21.0,573,6.4,,,,,477.3224728487886,Top Starter
Aleix Febas,Elche,es La Liga,MF,29.0,1080,12.0,,,391.49999999999994,Solid Squad Player,,
Robin Fellhauer,Augsburg,de Bundesliga,MF,27.0,765,8.5,,,346.98039215686276,Solid Squad Player,,
Kiko Femenía,Getafe,es La Liga,FW,34.0,585,6.5,56.95839874411303,Below Big-5 Level,,,,
Lewis Ferguson,Bologna,it Serie A,MF,26.0,535,5.9,,,243.1638418079096,Solid Squad Player,,
Bruno Fernandes,Manchester Utd,eng Premier League,MF,31.0,980,10.9,,,736.1467889908257,Top Starter,,
Mateus Fernandes,West Ham,eng Premier League,FW,21.0,643,7.1,222.83800155429935,Solid Squad Player,,,,
Enzo Fernández,Chelsea,eng Premier League,MF,24.0,880,9.8,,,623.1972789115647,Top Starter,,
Manu Fernández,Celta Vigo,es La Liga,DF,24.0,467,5.2,,,,,294.04408457040034,Solid Squad Player
Roberto Férnandez,Espanyol,es La Liga,FW,23.0,850,9.4,332.3845306444091,Solid Squad Player,,,,
Matias Fernandez-Pardo,Lille,fr Ligue 1,FW,20.0,885,9.8,400.81663504404025,Top Starter,,,,
Kilian Fischer,Wolfsburg,de Bundesliga,DF,25.0,603,6.7,,,,,385.6021782180463,Solid Squad Player
Phil Foden,Manchester City,eng Premier League,Off_MF,25.0,712,7.9,331.75180831826395,Solid Squad Player,,,,
Malick Fofana,Lyon,fr Ligue 1,FW,20.0,721,8.0,355.2622826908541,Solid Squad Player,,,,
Seko Fofana,Rennes,fr Ligue 1,MF,30.0,642,7.1,,,432.6760563380282,Top Starter,,
Youssouf Fofana,Milan,it Serie A,Off_MF,26.0,902,10.0,259.71031746031747,Solid Squad Player,,,,
Jonas Föhrenbach,Heidenheim,de Bundesliga,DF,29.0,864,9.6,,,,,345.7678919521025,Solid Squad Player
Michael Folorunsho,Cagliari,it Serie A,FW,27.0,895,9.9,85.84412148697864,Below Big-5 Level,,,,
Pablo Fornals,Betis,es La Liga,MF,29.0,993,11.0,,,746.3636363636364,Top Starter,,
Lyle Foster,Burnley,eng Premier League,FW,25.0,579,6.4,289.59911186696894,Solid Squad Player,,,,
Dimitri Foulquier,Valencia,es La Liga,DF,32.0,630,7.0,,,,,267.95369375820496,Solid Squad Player
Juan Foyth,Villarreal,es La Liga,DF,27.0,540,6.0,,,,,448.5669729880256,Top Starter
Przemysław Frankowski,Rennes,fr Ligue 1,DF,30.0,523,5.8,,,,,310.9325036729755,Solid Squad Player
Morten Frendrup,Genoa,it Serie A,MF,24.0,873,9.7,,,190.37800687285224,Below Big-5 Level,,
Martin Frese,Hellas Verona,it Serie A,DF,27.0,757,8.4,,,,,328.98516131598836,Solid Squad Player
Remo Freuler,Bologna,it Serie A,MF,33.0,684,7.6,,,222.80701754385964,Solid Squad Player,,
Marco Friedl,Werder Bremen,de Bundesliga,DF,27.0,802,8.9,,,,,441.75081899505307,Top Starter
Jorge de Frutos,Rayo Vallecano,es La Liga,FW,28.0,845,9.4,424.527637059552,Top Starter,,,,
Joel Fujita,St. Pauli,de Bundesliga,MF,23.0,880,9.8,,,493.6054421768707,Top Starter,,
Matteo Gabbia,Milan,it Serie A,DF,26.0,990,11.0,,,,,312.7649426596795,Solid Squad Player
Tiago Gabriel,Lecce,it Serie A,DF,20.0,912,10.1,,,,,493.09213628129737,Top Starter
Roberto Gagliardini,Hellas Verona,it Serie A,MF,31.0,572,6.4,,,230.83333333333334,Solid Squad Player,,
Cody Gakpo,Liverpool,eng Premier League,FW,26.0,829,9.2,471.4031844621908,Top Starter,,,,
Iñigo Ruiz de Galarreta,Athletic Club,es La Liga,MF,32.0,723,8.0,,,276.75,Solid Squad Player,,
Antonino Gallo,Lecce,it Serie A,DF,25.0,923,10.3,,,,,220.18411725105642,Solid Squad Player
Idrissa Gana Gueye,Everton,eng Premier League,MF,36.0,949,10.5,,,269.71428571428567,Solid Squad Player,,
Facundo Garcés,Alavés,es La Liga,DF,26.0,540,6.0,,,,,432.62175641123014,Top Starter
Aleix García,Leverkusen,de Bundesliga,MF,28.0,795,8.8,,,557.1212121212121,Top Starter,,
Álvaro García,Rayo Vallecano,es La Liga,FW,33.0,782,8.7,375.119920765241,Solid Squad Player,,,,
Eric García,Barcelona,es La Liga,DF,24.0,935,10.4,,,,,382.58016836964197,Solid Squad Player
Rubén García,Osasuna,es La Liga,FW,32.0,510,5.7,217.50101444086405,Solid Squad Player,,,,
James Garner,Everton,eng Premier League,MF,24.0,990,11.0,,,397.030303030303,Solid Squad Player,,
Federico Gatti,Juventus,it Serie A,DF,27.0,777,8.6,,,,,321.6825008257077,Solid Squad Player
Jean-Philippe Gbamin,Metz,fr Ligue 1,DF,30.0,1010,11.2,,,,,428.0134860961928,Top Starter
Yann Gboho,Toulouse,fr Ligue 1,FW,24.0,997,11.1,359.07505464648324,Solid Squad Player,,,,
Willem Geubbels,Paris FC,fr Ligue 1,FW,24.0,482,5.4,258.66682063772004,Solid Squad Player,,,,
Dimitris Giannoulis,Augsburg,de Bundesliga,MF,30.0,543,6.0,,,339.5333333333333,Solid Squad Player,,
Morgan Gibbs-White,Nott'ham Forest,eng Premier League,FW,25.0,906,10.1,306.5369734252337,Solid Squad Player,,,,
Mario Gila,Lazio,it Serie A,DF,25.0,953,10.6,,,,,406.72309705080306,Top Starter
Santiago Giménez,Milan,it Serie A,FW,24.0,621,6.9,156.39258601991517,Below Big-5 Level,,,,
Matthias Ginter,Freiburg,de Bundesliga,DF,31.0,900,10.0,,,,,325.0258980785296,Solid Squad Player
Giovane,Hellas Verona,it Serie A,FW,21.0,874,9.7,325.2459655110613,Solid Squad Player,,,,
Olivier Giroud,Lille,fr Ligue 1,FW,39.0,742,8.2,343.0233486348469,Solid Squad Player,,,,
Serge Gnabry,Bayern Munich,de Bundesliga,FW,30.0,505,5.6,658.5574452003024,Top Starter,,,,
Giorgi Gocholeishvili,Hamburger SV,de Bundesliga,Off_MF,24.0,503,5.6,163.6374716553288,Below Big-5 Level,,,,
Aleksandr Golovin,Monaco,fr Ligue 1,FW,29.0,447,5.0,322.7849584278156,Solid Squad Player,,,,
Angel Gomes,Marseille,fr Ligue 1,MF,25.0,765,8.5,,,488.70588235294116,Top Starter,,
João Gomes,Wolves,eng Premier League,MF,24.0,835,9.3,,,266.4516129032258,Solid Squad Player,,
Toti Gomes,Wolves,eng Premier League,DF,26.0,525,5.8,,,,,286.8677440728257,Solid Squad Player
Diego Gómez,Brighton,eng Premier League,FW,22.0,541,6.0,331.73293020912064,Solid Squad Player,,,,
Moi Gómez,Osasuna,es La Liga,MF,31.0,694,7.7,,,362.3376623376623,Solid Squad Player,,
Sergio Gómez,Real Sociedad,es La Liga,DF,25.0,823,9.1,,,,,386.0324804685706,Solid Squad Player
Valentín Gómez,Betis,es La Liga,DF,22.0,540,6.0,,,,,492.44333054859374,Top Starter
Nicolás González,Manchester City,eng Premier League,MF,23.0,648,7.2,,,307.77777777777777,Solid Squad Player,,
Nicolás González,Atlético Madrid,es La Liga,Off_MF,27.0,576,6.4,249.07916666666665,Solid Squad Player,,,,
Anthony Gordon,Newcastle Utd,eng Premier League,FW,24.0,458,5.1,220.51947445644927,Solid Squad Player,,,,
Leon Goretzka,Bayern Munich,de Bundesliga,MF,30.0,592,6.6,,,398.4848484848485,Solid Squad Player,,
Jon Gorrotxategi,Real Sociedad,es La Liga,MF,23.0,876,9.7,,,217.45704467353954,Solid Squad Player,,
Robin Gosens,Fiorentina,it Serie A,DF,31.0,723,8.0,,,,,318.6311992101466,Solid Squad Player
Jonathan Gradit,Lens,fr Ligue 1,DF,32.0,807,9.0,,,,,481.50598719019774,Top Starter
Ryan Gravenberch,Liverpool,eng Premier League,MF,23.0,781,8.7,,,469.11877394636014,Top Starter,,
Jack Grealish,Everton,eng Premier League,FW,30.0,826,9.2,392.2740477833646,Solid Squad Player,,,,
Mason Greenwood,Marseille,fr Ligue 1,FW,24.0,862,9.6,825.8289241622575,World Class,,,,
Antoine Griezmann,Atlético Madrid,es La Liga,FW,34.0,446,5.0,712.444066515495,Top Starter,,,,
Vincenzo Grifo,Freiburg,de Bundesliga,FW,32.0,565,6.3,496.68385343555417,Top Starter,,,,
Álex Grimaldo,Leverkusen,de Bundesliga,DF,30.0,765,8.5,,,,,251.60076662243847,Solid Squad Player
Pascal Groß,Dortmund,de Bundesliga,MF,34.0,508,5.6,,,637.3809523809524,Top Starter,,
Marco Grüll,Werder Bremen,de Bundesliga,FW,27.0,714,7.9,327.25880000382705,Solid Squad Player,,,,
Nemanja Gudelj,Sevilla,es La Liga,MF,34.0,598,6.6,,,202.02020202020202,Solid Squad Player,,
Gabriel Gudmundsson,Leeds United,eng Premier League,DF,26.0,911,10.1,,,,,331.65024773154005,Solid Squad Player
Gonçalo Guedes,Real Sociedad,es La Liga,FW,28.0,485,5.4,262.1134066795442,Solid Squad Player,,,,
Marc Guéhi,Crystal Palace,eng Premier League,DF,25.0,900,10.0,,,,,390.9974937343358,Solid Squad Player
Mattéo Guendouzi,Lazio,it Serie A,MF,26.0,798,8.9,,,401.7228464419476,Top Starter,,
Javier Guerra,Valencia,es La Liga,MF,22.0,706,7.8,,,574.7008547008548,Top Starter,,
Pape Gueye,Villarreal,es La Liga,MF,26.0,681,7.6,,,553.859649122807,Top Starter,,
Bruno Guimarães,Newcastle Utd,eng Premier League,MF,28.0,894,9.9,,,528.2154882154882,Top Starter,,
Bahereba Guirassy,Nantes,fr Ligue 1,FW,19.0,587,6.5,320.8641490784348,Solid Squad Player,,,,
Serhou Guirassy,Dortmund,de Bundesliga,FW,29.0,788,8.8,512.2176183604754,Top Starter,,,,
Arda Güler,Real Madrid,es La Liga,Off_MF,20.0,787,8.7,685.2735039226419,Top Starter,,,,
Gorka Guruzeta,Athletic Club,es La Liga,FW,29.0,588,6.5,237.67919646491072,Solid Squad Player,,,,
Malo Gusto,Chelsea,eng Premier League,MF,22.0,552,6.1,,,473.6612021857923,Top Starter,,
Albert Guðmundsson,Fiorentina,it Serie A,FW,28.0,563,6.3,295.5616504097229,Solid Squad Player,,,,
Joško Gvardiol,Manchester City,eng Premier League,DF,23.0,609,6.8,,,,,387.61020197552705,Solid Squad Player
Viktor Gyökeres,Arsenal,eng Premier League,FW,27.0,800,8.9,394.9633791094466,Solid Squad Player,,,,
Erling Haaland,Manchester City,eng Premier League,FW,25.0,944,10.5,693.6831875607387,Top Starter,,,,
Janik Haberer,Union Berlin,de Bundesliga,MF,31.0,575,6.4,,,343.64583333333337,Solid Squad Player,,
Albian Hajdari,Hoffenheim,de Bundesliga,DF,22.0,585,6.5,,,,,561.388085598612,Top Starter
Achraf Hakimi,Paris S-G,fr Ligue 1,DF,27.0,657,7.3,,,,,213.5713713507513,Solid Squad Player
Andreas Hanche-Olsen,Mainz 05,de Bundesliga,DF,28.0,563,6.3,,,,,445.2602405484611,Top Starter
Dávid Hancko,Atlético Madrid,es La Liga,DF,27.0,970,10.8,,,,,317.22949348680334,Solid Squad Player
Quilindschy Hartman,Burnley,eng Premier League,DF,24.0,977,10.9,,,,,375.8159368395969,Solid Squad Player
Haissem Hassan,Oviedo,es La Liga,FW,23.0,662,7.4,168.1360544217687,Below Big-5 Level,,,,
Jan Paul van Hecke,Brighton,eng Premier League,DF,25.0,990,11.0,,,,,452.19958988380046,Top Starter
Torbjørn Heggem,Bologna,it Serie A,DF,26.0,804,8.9,,,,,330.851097781908,Solid Squad Player
Gauthier Hein,Metz,fr Ligue 1,Off_MF,29.0,819,9.1,547.8191958834817,Top Starter,,,,
Jordan Henderson,Brentford,eng Premier League,MF,35.0,830,9.2,,,435.72463768115944,Top Starter,,
Mario Hermoso,Roma,it Serie A,DF,30.0,661,7.3,,,,,309.0749705313512,Solid Squad Player
Lucas Hernández,Paris S-G,fr Ligue 1,DF,29.0,560,6.2,,,,,291.0997924919826,Solid Squad Player
Isak Hien,Atalanta,it Serie A,DF,26.0,836,9.3,,,,,408.23276830067994,Top Starter
Omar El Hilali,Espanyol,es La Liga,DF,22.0,805,8.9,,,,,384.9789267175428,Solid Squad Player
Lucas Höler,Freiburg,de Bundesliga,FW,31.0,628,7.0,121.08746355685129,Below Big-5 Level,,,,
Franck Honorat,Gladbach,de Bundesliga,FW,29.0,507,5.6,282.29883381924196,Solid Squad Player,,,,
Andreas Hountondji,St. Pauli,de Bundesliga,FW,23.0,473,5.3,398.72483207119325,Solid Squad Player,,,,
Robin Hranáč,Hoffenheim,de Bundesliga,DF,25.0,865,9.6,,,,,373.7315510999721,Solid Squad Player
Timo Hübers,Köln,de Bundesliga,DF,29.0,675,7.5,,,,,500.56519075466446,Top Starter
Callum Hudson-Odoi,Nott'ham Forest,eng Premier League,FW,25.0,570,6.3,299.67662479453855,Solid Squad Player,,,,
Will Hughes,Crystal Palace,eng Premier League,MF,30.0,450,5.0,,,351.30666666666673,Solid Squad Player,,
Dean Huijsen,Real Madrid,es La Liga,DF,20.0,771,8.6,,,,,329.82067572030843,Solid Squad Player
Trai Hume,Sunderland,eng Premier League,MF,23.0,978,10.9,,,317.5535168195718,Solid Squad Player,,
Kwon Hyeokkyu,Nantes,fr Ligue 1,Def_MF,24.0,532,5.9,,,,,336.9344141488578,Solid Squad Player
Lucas Høgsberg,Strasbourg,fr Ligue 1,DF,19.0,794,8.8,,,,,347.69651401230345,Solid Squad Player
Pierre Højbjerg,Marseille,fr Ligue 1,MF,30.0,942,10.5,,,350.8571428571429,Solid Squad Player,,
Rasmus Højlund,Napoli,it Serie A,FW,22.0,508,5.6,266.43882950005406,Solid Squad Player,,,,
Pablo Ibáñez,Alavés,es La Liga,MF,27.0,657,7.3,,,275.6164383561644,Solid Squad Player,,
Arijon Ibrahimović,Heidenheim,de Bundesliga,FW,19.0,820,9.1,227.8762801824026,Solid Squad Player,,,,
Jay Idzes,Sassuolo,it Serie A,DF,25.0,900,10.0,,,,,381.84783170046325,Solid Squad Player
Iglesias,Getafe,es La Liga,DF,27.0,924,10.3,,,,,371.21411944099725,Solid Squad Player
Borja Iglesias,Celta Vigo,es La Liga,FW,32.0,725,8.1,533.774343756707,Top Starter,,,,
Andrej Ilic,Union Berlin,de Bundesliga,FW,25.0,743,8.3,350.277436275715,Solid Squad Player,,,,
Luka Ilić,Oviedo,es La Liga,FW,26.0,529,5.9,127.34627259566724,Below Big-5 Level,,,,
Wilson Isidor,Sunderland,eng Premier League,FW,25.0,672,7.5,347.8799445704208,Solid Squad Player,,,,
Ardian Ismajli,Torino,it Serie A,DF,29.0,505,5.6,,,,,415.9434300035804,Top Starter
Alex Iwobi,Fulham,eng Premier League,FW,29.0,898,10.0,288.9266817838246,Solid Squad Player,,,,
Jérémy Jacquet,Rennes,fr Ligue 1,DF,20.0,1080,12.0,,,,,433.46978557504866,Top Starter
Lee Jae-sung,Mainz 05,de Bundesliga,FW,33.0,656,7.3,163.15993124799385,Below Big-5 Level,,,,
Kristijan Jakić,Augsburg,de Bundesliga,MF,28.0,629,7.0,,,372.9523809523809,Solid Squad Player,,
Reece James,Chelsea,eng Premier League,DF,25.0,709,7.9,,,,,349.5650518701817,Solid Squad Player
Mikel Jauregizar,Athletic Club,es La Liga,MF,22.0,1070,11.9,,,289.9159663865546,Solid Squad Player,,
Finn Jeltsch,Stuttgart,de Bundesliga,DF,19.0,450,5.0,,,,,384.57209690893893,Solid Squad Player
Oliver Jensen,Parma,it Serie A,MF,23.0,642,7.1,,,181.10798122065734,Below Big-5 Level,,
Moritz Jenz,Wolfsburg,de Bundesliga,DF,26.0,720,8.0,,,,,441.21219715956556,Top Starter
Juan Jesus,Napoli,it Serie A,DF,34.0,603,6.7,,,,,411.6599957605456,Top Starter
Raúl Jiménez,Fulham,eng Premier League,FW,34.0,452,5.0,275.6050642479214,Solid Squad Player,,,,
João Pedro,Chelsea,eng Premier League,FW,24.0,930,10.3,456.4928927342241,Top Starter,,,,
Joelinton,Newcastle Utd,eng Premier League,MF,29.0,647,7.2,,,303.6111111111111,Solid Squad Player,,
Ísak Jóhannesson,Köln,de Bundesliga,MF,22.0,766,8.5,,,393.6470588235294,Solid Squad Player,,
Brennan Johnson,Tottenham,eng Premier League,FW,24.0,471,5.2,279.7651026222455,Solid Squad Player,,,,
Frenkie de Jong,Barcelona,es La Liga,MF,28.0,820,9.1,,,620.2930402930402,Top Starter,,
Mateo Joseph,Mallorca,es La Liga,FW,22.0,661,7.3,332.86948508474933,Solid Squad Player,,,,
Abdulai Juma Bah,Nice,fr Ligue 1,DF,19.0,765,8.5,,,,,431.484986977247,Top Starter
Vinicius Júnior,Real Madrid,es La Liga,FW,25.0,864,9.6,663.5430209120685,Top Starter,,,,
Ferran Jutglà,Celta Vigo,es La Liga,FW,26.0,576,6.4,373.1722411186697,Solid Squad Player,,,,
Christian Kabasele,Udinese,it Serie A,DF,34.0,478,5.3,,,,,359.0583090086565,Solid Squad Player
Ferdi Kadioglu,Brighton,eng Premier League,FW,26.0,737,8.2,84.01700680272108,Below Big-5 Level,,,,
Pierre Kalulu,Juventus,it Serie A,DF,25.0,990,11.0,,,,,222.5466697045644,Solid Squad Player
Daichi Kamada,Crystal Palace,eng Premier League,MF,29.0,757,8.4,,,286.6666666666667,Solid Squad Player,,
Boubacar Kamara,Aston Villa,eng Premier League,MF,25.0,645,7.2,,,504.16666666666663,Top Starter,,
Hassane Kamara,Udinese,it Serie A,DF,31.0,617,6.9,,,,,295.78777862530717,Solid Squad Player
Jakub Kamiński,Köln,de Bundesliga,Off_MF,23.0,900,10.0,443.18253968253975,Top Starter,,,,
Harry Kane,Bayern Munich,de Bundesliga,FW,32.0,791,8.8,823.2043908472481,World Class,,,,
Lee Kang-in,Paris S-G,fr Ligue 1,FW,24.0,593,6.6,275.96505875077304,Solid Squad Player,,,,
Adam Karabec,Lyon,fr Ligue 1,FW,22.0,650,7.2,210.43029310489626,Solid Squad Player,,,,
Atakan Karazor,Stuttgart,de Bundesliga,MF,29.0,545,6.1,,,162.84153005464483,Below Big-5 Level,,
Dermane Karim,Lorient,fr Ligue 1,FW,21.0,646,7.2,163.02947845804988,Below Big-5 Level,,,,
Jesper Karlström,Udinese,it Serie A,MF,30.0,971,10.8,,,260.3086419753086,Solid Squad Player,,
Michael Kayode,Brentford,eng Premier League,DF,21.0,952,10.6,,,,,303.53012319248654,Solid Squad Player
Moise Kean,Fiorentina,it Serie A,FW,25.0,886,9.8,273.62907430545914,Solid Squad Player,,,,
Michael Keane,Everton,eng Premier League,DF,32.0,964,10.7,,,,,405.2088874125274,Top Starter
Ilan Kebbal,Paris FC,fr Ligue 1,FW,27.0,1046,11.6,544.9208955612899,Top Starter,,,,
Yassine Kechta,Le Havre,fr Ligue 1,MF,23.0,709,7.9,,,413.08016877637124,Top Starter,,
Thilo Kehrer,Monaco,fr Ligue 1,DF,29.0,667,7.4,,,,,478.9153062837273,Top Starter
Mandela Keita,Parma,it Serie A,MF,23.0,803,8.9,,,143.91011235955054,Below Big-5 Level,,
Lloyd Kelly,Juventus,it Serie A,DF,27.0,810,9.0,,,,,336.26362201800794,Solid Squad Player
Marc-Oliver Kempf,Como,it Serie A,DF,30.0,607,6.7,,,,,366.38561578074535,Solid Squad Player
Milos Kerkez,Liverpool,eng Premier League,DF,22.0,695,7.7,,,,,281.53674228862195,Solid Squad Player
Bilal El Khannouss,Stuttgart,de Bundesliga,FW,21.0,620,6.9,436.54874735723604,Top Starter,,,,
Rani Khedira,Union Berlin,de Bundesliga,Def_MF,31.0,882,9.8,,,,,381.57054125998224,Solid Squad Player
Kialonda,Lecce,it Serie A,DF,28.0,990,11.0,,,,,325.05263157894734,Solid Squad Player
Kiké,Espanyol,es La Liga,FW,35.0,447,5.0,479.75434618291763,Top Starter,,,,
Max Kilman,West Ham,eng Premier League,DF,28.0,990,11.0,,,,,396.34662413609783,Solid Squad Player
Joshua Kimmich,Bayern Munich,de Bundesliga,MF,30.0,779,8.7,,,677.5478927203064,Top Starter,,
Joshua King,Fulham,eng Premier League,Off_MF,18.0,661,7.3,138.19421613394218,Below Big-5 Level,,,,
Robin Koch,Eint Frankfurt,de Bundesliga,DF,29.0,900,10.0,,,,,395.32965747702593,Solid Squad Player
Derrick Köhn,Union Berlin,de Bundesliga,DF,26.0,527,5.9,,,,,281.97767145135566,Solid Squad Player
Dominik Kohr,Mainz 05,de Bundesliga,DF,31.0,718,8.0,,,,,404.4586466165414,Top Starter
Koke,Atlético Madrid,es La Liga,MF,33.0,763,8.5,,,548.3137254901961,Top Starter,,
Mert Kömür,Augsburg,de Bundesliga,FW,20.0,630,7.0,386.3585465932404,Solid Squad Player,,,,
Ibrahima Konaté,Liverpool,eng Premier League,DF,26.0,922,10.2,,,,,398.46282372598165,Solid Squad Player
Ismaël Koné,Sassuolo,it Serie A,MF,23.0,710,7.9,,,320.1350210970464,Solid Squad Player,,
Manu Koné,Roma,it Serie A,MF,24.0,990,11.0,,,334.3636363636364,Solid Squad Player,,
Ransford Königsdörffer,Hamburger SV,de Bundesliga,FW,24.0,679,7.5,283.2707231040564,Solid Squad Player,,,,
Ezri Konsa,Aston Villa,eng Premier League,DF,28.0,875,9.7,,,,,361.021453978589,Solid Squad Player
Teun Koopmeiners,Juventus,it Serie A,MF,27.0,593,6.6,,,389.3939393939394,Solid Squad Player,,
Odilon Kossounou,Atalanta,it Serie A,DF,24.0,492,5.5,,,,,340.66985645933005,Solid Squad Player
Koffi Kouao,Metz,fr Ligue 1,DF,27.0,1042,11.6,,,,,331.4591075389623,Solid Squad Player
Arsène Kouassi,Lorient,fr Ligue 1,Off_MF,21.0,1002,11.1,220.2449914199915,Solid Squad Player,,,,
Konstantinos Koulierakis,Wolfsburg,de Bundesliga,DF,21.0,810,9.0,,,,,467.67882669637055,Top Starter
Jules Koundé,Barcelona,es La Liga,DF,27.0,758,8.4,,,,,280.9794327087559,Solid Squad Player
Andrej Kramarić,Hoffenheim,de Bundesliga,FW,34.0,599,6.7,545.5159576268317,Top Starter,,,,
Jean-Philippe Krasso,Paris FC,fr Ligue 1,FW,28.0,526,5.8,398.26090129538403,Solid Squad Player,,,,
Ladislav Krejčí,Wolves,eng Premier League,Def_MF,26.0,720,8.0,,,,,396.1992753623188,Solid Squad Player
Rasmus Kristensen,Eint Frankfurt,de Bundesliga,DF,28.0,528,5.9,,,,,441.11974852385197,Top Starter
Thomas Kristensen,Udinese,it Serie A,DF,23.0,450,5.0,,,,,438.04711779448616,Top Starter
Nikola Krstović,Atalanta,it Serie A,FW,25.0,490,5.4,586.0892472215224,Top Starter,,,,
Lukas Kübler,Freiburg,de Bundesliga,DF,33.0,564,6.3,,,,,381.67906538833864,Solid Squad Player
Takefusa Kubo,Real Sociedad,es La Liga,FW,24.0,562,6.2,255.9541608758199,Solid Squad Player,,,,
Mohammed Kudus,Tottenham,eng Premier League,FW,25.0,875,9.7,312.9010254731904,Solid Squad Player,,,,
Khvicha Kvaratskhelia,Paris S-G,fr Ligue 1,FW,24.0,497,5.5,414.75290318147455,Top Starter,,,,
Adrián de la Fuente,Levante,es La Liga,DF,26.0,772,8.6,,,,,425.66303002043514,Top Starter
Maxence Lacroix,Crystal Palace,eng Premier League,DF,25.0,990,11.0,,,,,477.07594054005534,Top Starter
Konrad Laimer,Bayern Munich,de Bundesliga,DF,28.0,786,8.7,,,,,252.56858621649909,Solid Squad Player
Kenny Lala,Brest,fr Ligue 1,DF,34.0,1067,11.9,,,,,262.09445181581395,Solid Squad Player
Aymeric Laporte,Athletic Club,es La Liga,DF,31.0,647,7.2,,,,,400.5179615705932,Top Starter
Hugo Larsson,Eint Frankfurt,de Bundesliga,MF,21.0,515,5.7,,,520.3508771929825,Top Starter,,
Josh Laurent,Burnley,eng Premier League,Def_MF,30.0,561,6.2,,,,,404.14368084774816,Top Starter
Armand Lauriente,Sassuolo,it Serie A,FW,26.0,626,7.0,288.6350286146204,Solid Squad Player,,,,
Valentino Lazaro,Torino,it Serie A,Def_MF,29.0,708,7.9,,,,,301.1184492142114,Solid Squad Player
Théo Le Bris,Lorient,fr Ligue 1,DF,23.0,579,6.4,,,,,201.90884407989668,Solid Squad Player
Enzo Le Fée,Sunderland,eng Premier League,FW,25.0,693,7.7,205.91701760069103,Solid Squad Player,,,,
Robin Le Normand,Atlético Madrid,es La Liga,DF,29.0,886,9.8,,,,,349.5316522599014,Solid Squad Player
Rafael Leão,Milan,it Serie A,FW,26.0,453,5.0,684.0325018896448,Top Starter,,,,
Pierre Lees-Melou,Paris FC,fr Ligue 1,MF,32.0,813,9.0,,,362.7407407407407,Solid Squad Player,,
Jordan Lefort,Angers,fr Ligue 1,DF,32.0,1080,12.0,,,,,433.5489228120807,Top Starter
Diogo Leite,Union Berlin,de Bundesliga,DF,26.0,598,6.6,,,,,421.03228686960745,Top Starter
Florian Lejeune,Rayo Vallecano,es La Liga,DF,34.0,1070,11.9,,,,,410.9871316947831,Top Starter
Youssef Lekhedim,Alavés,es La Liga,DF,20.0,576,6.4,,,,,260.7758980785296,Solid Squad Player
Félix Lemaréchal,Strasbourg,fr Ligue 1,FW,22.0,484,5.4,245.4851347946586,Solid Squad Player,,,,
Tim Lemperle,Hoffenheim,de Bundesliga,FW,23.0,639,7.1,500.24665985329966,Top Starter,,,,
Esteban Lepaul,Rennes,fr Ligue 1,FW,25.0,816,9.1,618.1835654896879,Top Starter,,,,
Johann Lepenant,Nantes,fr Ligue 1,MF,23.0,527,5.9,,,456.9039548022599,Top Starter,,
Mehdi Léris,Pisa,it Serie A,DF,27.0,473,5.3,,,,,378.27203801384536,Solid Squad Player
Louis Leroux,Nantes,fr Ligue 1,Def_MF,19.0,926,10.3,,,,,296.2464237137095,Solid Squad Player
Robert Lewandowski,Barcelona,es La Liga,FW,37.0,454,5.0,658.5714285714287,Top Starter,,,,
Jamie Leweling,Stuttgart,de Bundesliga,FW,24.0,643,7.1,293.8254287630545,Solid Squad Player,,,,
Keane Lewis-Potter,Brentford,eng Premier League,FW,24.0,450,5.0,138.97959183673473,Below Big-5 Level,,,,
Philipp Lienhart,Freiburg,de Bundesliga,DF,29.0,702,7.8,,,,,341.98659040764295,Solid Squad Player
Matthijs de Ligt,Manchester Utd,eng Premier League,DF,26.0,990,11.0,,,,,400.7211969317232,Top Starter
Adrián Liso,Getafe,es La Liga,FW,20.0,759,8.4,218.45340675952914,Solid Squad Player,,,,
Valentino Livramento,Newcastle Utd,eng Premier League,DF,23.0,526,5.8,,,,,183.6418632788869,Below Big-5 Level
Marcos Llorente,Atlético Madrid,es La Liga,DF,30.0,1080,12.0,,,,,265.1016429963798,Solid Squad Player
Gautier Lloris,Le Havre,fr Ligue 1,DF,30.0,933,10.4,,,,,408.329156223893,Top Starter
Giovani Lo Celso,Betis,es La Liga,Off_MF,29.0,779,8.7,387.297249589491,Solid Squad Player,,,,
Danny Loader,Auxerre,fr Ligue 1,FW,25.0,822,9.1,266.71547764404903,Solid Squad Player,,,,
Stanislav Lobotka,Napoli,it Serie A,MF,30.0,519,5.8,,,456.4367816091954,Top Starter,,
Manuel Locatelli,Juventus,it Serie A,MF,27.0,756,8.4,,,405.95238095238096,Top Starter,,
Bradley Locko,Brest,fr Ligue 1,DF,23.0,927,10.3,,,,,274.4012133894607,Solid Squad Player
Sean Longstaff,Leeds United,eng Premier League,MF,28.0,788,8.8,,,594.1666666666667,Top Starter,,
Ademola Lookman,Atalanta,it Serie A,FW,28.0,446,5.0,329.5914588057445,Solid Squad Player,,,,
Diego López,Valencia,es La Liga,FW,23.0,866,9.6,213.73217435122197,Solid Squad Player,,,,
Fermin López,Barcelona,es La Liga,FW,22.0,485,5.4,581.7933568489124,Top Starter,,,,
Maxime Lopez,Paris FC,fr Ligue 1,MF,27.0,1080,12.0,,,759.0000000000001,World Class,,
Unai López,Rayo Vallecano,es La Liga,MF,30.0,652,7.2,,,628.425925925926,Top Starter,,
Tom Louchet,Nice,fr Ligue 1,MF,22.0,477,5.3,,,652.7547169811321,Top Starter,,
Pol Lozano,Espanyol,es La Liga,MF,26.0,906,10.1,,,271.023102310231,Solid Squad Player,,
Jhon Lucumí,Bologna,it Serie A,DF,27.0,771,8.6,,,,,345.21652969633385,Solid Squad Player
Florentino Luís,Burnley,eng Premier League,Def_MF,26.0,657,7.3,,,,,531.5525114155251,Top Starter
José Luis Gayà,Valencia,es La Liga,DF,30.0,741,8.2,,,,,309.15626094059985,Solid Squad Player
Castello Lukeba,RB Leipzig,de Bundesliga,DF,22.0,810,9.0,,,,,533.9303815093289,Top Starter
Saša Lukić,Fulham,eng Premier League,MF,29.0,676,7.5,,,510.5777777777778,Top Starter,,
Kristoffer Lund,Köln,de Bundesliga,DF,23.0,630,7.0,,,,,303.75557942475234,Solid Squad Player
Sebastiano Luperto,Cagliari,it Serie A,DF,29.0,720,8.0,,,,,320.3940153413838,Solid Squad Player
Senne Lynen,Werder Bremen,de Bundesliga,Def_MF,26.0,791,8.8,,,,,466.3636363636364,Top Starter
Alexis Mac Allister,Liverpool,eng Premier League,MF,26.0,638,7.1,,,568.8262910798123,Top Starter,,
Pablo Maffeo,Mallorca,es La Liga,DF,28.0,660,7.3,,,,,503.0814479120175,Top Starter
Gabriel Magalhães,Arsenal,eng Premier League,DF,27.0,990,11.0,,,,,414.8364851522746,Top Starter
Hugo Magnetti,Brest,fr Ligue 1,Def_MF,27.0,870,9.7,,,,,301.43134618257886,Solid Squad Player
Frank Magri,Toulouse,fr Ligue 1,FW,26.0,946,10.5,323.87974660763774,Solid Squad Player,,,,
Patrick Mainka,Heidenheim,de Bundesliga,DF,31.0,900,10.0,,,,,500.77527151211353,Top Starter
Ainsley Maitland-Niles,Lyon,fr Ligue 1,FW,28.0,1066,11.8,184.33109778751427,Below Big-5 Level,,,,
Jordy Makengo,Freiburg,de Bundesliga,DF,24.0,567,6.3,,,,,302.2158571030751,Solid Squad Player
Ruslan Malinovskyi,Genoa,it Serie A,MF,32.0,606,6.7,,,590.3482587064677,Top Starter,,
Gianluca Mancini,Roma,it Serie A,DF,29.0,984,10.9,,,,,440.01870118721877,Top Starter
Reinildo Mandava,Sunderland,eng Premier League,MF,31.0,662,7.4,,,186.75675675675674,Below Big-5 Level,,
Aïssa Mandi,Lille,fr Ligue 1,DF,34.0,793,8.8,,,,,389.3430546062124,Solid Squad Player
Rolando Mandragora,Fiorentina,it Serie A,MF,28.0,775,8.6,,,354.6511627906977,Solid Squad Player,,
Johan Manzambi,Freiburg,de Bundesliga,MF,20.0,630,7.0,,,459.04761904761904,Top Starter,,
Marcão,Sevilla,es La Liga,DF,29.0,736,8.2,,,,,335.1248038796177,Solid Squad Player
Pablo Marí,Fiorentina,it Serie A,DF,32.0,553,6.1,,,,,514.9343303614227,Top Starter
Rafa Marín,Villarreal,es La Liga,DF,23.0,810,9.0,,,,,411.1397011046134,Top Starter
Marius Marin,Pisa,it Serie A,MF,27.0,556,6.2,,,112.73118279569891,Below Big-5 Level,,
Pablo Marín,Real Sociedad,es La Liga,Off_MF,22.0,541,6.0,86.20833333333333,Below Big-5 Level,,,,
Guillermo Maripán,Torino,it Serie A,DF,31.0,831,9.2,,,,,501.3984235952199,Top Starter
Eric Martel,Köln,de Bundesliga,Def_MF,23.0,868,9.6,,,,,484.1535829307569,Top Starter
Aarón Martín,Genoa,it Serie A,DF,28.0,670,7.4,,,,,247.2017882544198,Solid Squad Player
Iván Martín,Girona,es La Liga,MF,26.0,795,8.8,,,332.80303030303025,Solid Squad Player,,
Mario Martín,Getafe,es La Liga,FW,21.0,739,8.2,177.14405545415997,Below Big-5 Level,,,,
Arnau Martinez,Girona,es La Liga,Def_MF,22.0,682,7.6,,,,,432.67480294940253,Top Starter
Lautaro Martínez,Inter,it Serie A,FW,28.0,818,9.1,480.40247356573883,Top Starter,,,,
Pablo Martínez,Levante,es La Liga,MF,27.0,526,5.8,,,449.74712643678157,Top Starter,,
Toni Martínez,Alavés,es La Liga,FW,28.0,795,8.8,223.43046107331816,Solid Squad Player,,,,
Adam Marušić,Lazio,it Serie A,DF,33.0,771,8.6,,,,,238.46360086262163,Solid Squad Player
Patrizio Masini,Genoa,it Serie A,MF,24.0,835,9.3,,,224.44444444444446,Solid Squad Player,,
Han-Noah Massengo,Augsburg,de Bundesliga,MF,24.0,857,9.5,,,381.47368421052624,Solid Squad Player,,
Franco Mastantuono,Real Madrid,es La Liga,FW,18.0,546,6.1,257.4790590188717,Solid Squad Player,,,,
Clinton Mata,Lyon,fr Ligue 1,DF,33.0,1061,11.8,,,,,394.14808206958077,Solid Squad Player
Pape Matar Sarr,Tottenham,eng Premier League,MF,23.0,573,6.4,,,546.5625000000001,Top Starter,,
Jean-Philippe Mateta,Crystal Palace,eng Premier League,FW,28.0,959,10.7,475.451607434251,Top Starter,,,,
Nemanja Matić,Sassuolo,it Serie A,MF,37.0,891,9.9,,,250.1010101010101,Solid Squad Player,,
Chrislain Matsima,Augsburg,de Bundesliga,DF,23.0,900,10.0,,,,,524.5908103592315,Top Starter
Konstantinos Mavropanos,West Ham,eng Premier League,DF,27.0,495,5.5,,,,,437.84005468216,Top Starter
Christian Mawissa,Monaco,fr Ligue 1,DF,20.0,518,5.8,,,,,471.82554086365343,Top Starter
Borja Mayoral,Getafe,es La Liga,FW,28.0,646,7.2,380.53069622910897,Solid Squad Player,,,,
Senny Mayulu,Paris S-G,fr Ligue 1,FW,19.0,564,6.3,292.39873903706103,Solid Squad Player,,,,
Samuel Mbangula,Werder Bremen,de Bundesliga,FW,21.0,583,6.5,345.5865166579453,Solid Squad Player,,,,
Kylian Mbappé,Real Madrid,es La Liga,FW,26.0,1043,11.6,836.4499178981939,World Class,,,,
Ibrahim Mbaye,Paris S-G,fr Ligue 1,FW,17.0,453,5.0,180.13265306122446,Below Big-5 Level,,,,
Bryan Mbeumo,Manchester Utd,eng Premier League,Off_MF,26.0,955,10.6,488.26340221623246,Top Starter,,,,
Moustapha Mbow,Paris FC,fr Ligue 1,DF,25.0,990,11.0,,,,,429.4226475279107,Top Starter
John McGinn,Aston Villa,eng Premier League,FW,31.0,837,9.3,178.122538382139,Below Big-5 Level,,,,
Weston McKennie,Juventus,it Serie A,Off_MF,27.0,559,6.2,208.89928315412186,Solid Squad Player,,,,
Mark McKenzie,Toulouse,fr Ligue 1,DF,26.0,916,10.2,,,,,362.8928530476518,Solid Squad Player
Scott McTominay,Napoli,it Serie A,Off_MF,28.0,811,9.0,280.5654761904762,Solid Squad Player,,,,
Henrik Meister,Pisa,it Serie A,FW,22.0,492,5.5,46.43320964749536,Below Big-5 Level,,,,
Bamo Meïté,Lorient,fr Ligue 1,DF,23.0,495,5.5,,,,,293.3394091288828,Solid Squad Player
Nuno Mendes,Paris S-G,fr Ligue 1,DF,23.0,490,5.4,,,,,302.66159225223544,Solid Squad Player
Brais Méndez,Real Sociedad,es La Liga,Off_MF,28.0,658,7.3,426.5409001956948,Top Starter,,,,
Rodrigo Mendoza,Elche,es La Liga,FW,20.0,544,6.0,217.77916351725875,Solid Squad Player,,,,
Antoine Mendy,Nice,fr Ligue 1,DF,21.0,871,9.7,,,,,542.2552945938731,Top Starter
Batista Mendy,Sevilla,es La Liga,MF,25.0,587,6.5,,,154.1128205128205,Below Big-5 Level,,
Gideon Mensah,Auxerre,fr Ligue 1,DF,27.0,862,9.6,,,,,331.5427457532721,Solid Squad Player
Quentin Merlin,Rennes,fr Ligue 1,DF,23.0,892,9.9,,,,,347.83119414698353,Solid Squad Player
Dayann Methalie,Toulouse,fr Ligue 1,MF,19.0,860,9.6,,,246.75,Solid Squad Player,,
Thomas Meunier,Lille,fr Ligue 1,DF,34.0,699,7.8,,,,,239.04547694021377,Solid Squad Player
Nikola Milenković,Nott'ham Forest,eng Premier League,DF,28.0,990,11.0,,,,,346.41026809447857,Solid Squad Player
Éder Militão,Real Madrid,es La Liga,DF,27.0,810,9.0,,,,,418.87162350320233,Top Starter
Luis Milla,Getafe,es La Liga,MF,31.0,1078,12.0,,,646.6666666666667,Top Starter,,
Pere Milla,Espanyol,es La Liga,FW,33.0,679,7.5,512.5477450239355,Top Starter,,,,
Yerry Mina,Cagliari,it Serie A,DF,31.0,716,8.0,,,,,389.92990050884777,Solid Squad Player
Takumi Minamino,Monaco,fr Ligue 1,FW,30.0,668,7.4,349.48864170292745,Solid Squad Player,,,,
Tyrone Mings,Aston Villa,eng Premier League,DF,32.0,498,5.5,,,,,358.2495633021948,Solid Squad Player
Óscar Mingueza,Celta Vigo,es La Liga,Off_MF,26.0,670,7.4,340.9710531960532,Solid Squad Player,,,,
Yankuba Minteh,Brighton,eng Premier League,FW,21.0,947,10.5,306.1520714105748,Solid Squad Player,,,,
Rafa Mir,Elche,es La Liga,FW,28.0,856,9.5,357.98362970919356,Solid Squad Player,,,,
Juan Miranda,Bologna,it Serie A,DF,25.0,637,7.1,,,,,249.20987915798887,Solid Squad Player
Tyrick Mitchell,Crystal Palace,eng Premier League,DF,26.0,989,11.0,,,,,433.1349586086428,Top Starter
Kaoru Mitoma,Brighton,eng Premier League,FW,28.0,508,5.6,263.6178598423496,Solid Squad Player,,,,
Maximilian Mittelstädt,Stuttgart,de Bundesliga,DF,28.0,665,7.4,,,,,488.96565738671006,Top Starter
Henrikh Mkhitaryan,Inter,it Serie A,Off_MF,36.0,482,5.4,193.54063786008228,Below Big-5 Level,,,,
Luka Modrić,Milan,it Serie A,MF,40.0,963,10.7,,,659.6884735202493,Top Starter,,
Mostafa Mohamed,Nantes,fr Ligue 1,FW,27.0,624,6.9,223.99092422798427,Solid Squad Player,,,,
Johan Mojica,Mallorca,es La Liga,DF,33.0,860,9.6,,,,,328.3194096351991,Solid Squad Player
Alberto Moleiro,Villarreal,es La Liga,FW,22.0,673,7.5,527.1758629377676,Top Starter,,,,
Jon Moncayola,Osasuna,es La Liga,MF,27.0,1059,11.8,,,432.1468926553672,Top Starter,,
Álvaro Morata,Como,it Serie A,FW,33.0,530,5.9,243.741784849533,Solid Squad Player,,,,
Diego Moreira,Strasbourg,fr Ligue 1,FW,21.0,834,9.3,285.24663318134895,Solid Squad Player,,,,
Álex Moreno,Girona,es La Liga,Def_MF,32.0,945,10.5,,,,,339.40234644582466,Solid Squad Player
Matias Moreno,Levante,es La Liga,DF,22.0,692,7.7,,,,,460.6519052452066,Top Starter
Tete Morente,Lecce,it Serie A,FW,28.0,694,7.7,129.66379538828517,Below Big-5 Level,,,,
Stefano Moreo,Pisa,it Serie A,FW,32.0,489,5.4,308.81235127795975,Solid Squad Player,,,,
Ilaix Moriba,Celta Vigo,es La Liga,MF,22.0,801,8.9,,,420.59925093632955,Top Starter,,
Manu Morlanes,Mallorca,es La Liga,MF,26.0,689,7.7,,,275.1515151515151,Solid Squad Player,,
Tyler Morton,Lyon,fr Ligue 1,MF,23.0,960,10.7,,,425.17133956386294,Top Starter,,
Samir El Mourabet,Strasbourg,fr Ligue 1,MF,20.0,596,6.6,,,305.95959595959596,Solid Squad Player,,
Santiago Mouriño,Villarreal,es La Liga,DF,23.0,796,8.8,,,,,489.37419305840365,Top Starter
Louis Mouton,Angers,fr Ligue 1,MF,23.0,671,7.5,,,314.40000000000003,Solid Squad Player,,
Tarik Muharemovic,Sassuolo,it Serie A,DF,22.0,720,8.0,,,,,457.12113617376775,Top Starter
Miro Muheim,Hamburger SV,de Bundesliga,MF,27.0,891,9.9,,,602.4915824915827,Top Starter,,
Nordi Mukiele,Sunderland,eng Premier League,DF,28.0,810,9.0,,,,,428.8506451313469,Top Starter
Marshall Munetsi,Wolves,eng Premier League,FW,29.0,804,8.9,163.66439060018516,Below Big-5 Level,,,,
Daniel Muñoz,Crystal Palace,eng Premier League,MF,29.0,989,11.0,,,404.169696969697,Top Starter,,
Víctor Muñoz,Osasuna,es La Liga,FW,22.0,838,9.3,200.2198246084575,Solid Squad Player,,,,
Murillo,Nott'ham Forest,eng Premier League,DF,23.0,649,7.2,,,,,476.8560289612922,Top Starter
Vedat Muriqi,Mallorca,es La Liga,FW,31.0,891,9.9,403.3074165693214,Top Starter,,,,
Jacob Murphy,Newcastle Utd,eng Premier League,FW,30.0,568,6.3,394.0611645010738,Solid Squad Player,,,,
Junior Mwanga,Nantes,fr Ligue 1,MF,22.0,796,8.8,,,264.45454545454544,Solid Squad Player,,
Phillipp Mwene,Mainz 05,de Bundesliga,DF,31.0,792,8.8,,,,,216.70719498470692,Solid Squad Player
Vitaliy Mykolenko,Everton,eng Premier League,DF,26.0,715,7.9,,,,,359.75677590600964,Solid Squad Player
Obite N'Dicka,Roma,it Serie A,DF,26.0,934,10.4,,,,,342.55060728744934,Solid Squad Player
Natan,Betis,es La Liga,DF,24.0,1080,12.0,,,,,358.71901977165135,Solid Squad Player
Michel Ndary Adopo,Cagliari,it Serie A,MF,25.0,844,9.4,,,340.1843971631206,Solid Squad Player,,
Iliman Ndiaye,Everton,eng Premier League,FW,25.0,912,10.1,384.52545220508443,Solid Squad Player,,,,
Rassoul Ndiaye,Le Havre,fr Ligue 1,Off_MF,23.0,748,8.3,286.6147255689424,Solid Squad Player,,,,
Dan Ndoye,Nott'ham Forest,eng Premier League,FW,25.0,754,8.4,188.7805492567397,Below Big-5 Level,,,,
Paul Nebel,Mainz 05,de Bundesliga,Off_MF,23.0,687,7.6,218.08260233918128,Solid Squad Player,,,,
Loïc Nego,Le Havre,fr Ligue 1,DF,34.0,901,10.0,,,,,321.3500417710943,Solid Squad Player
Victor Nelsson,Hellas Verona,it Serie A,DF,27.0,990,11.0,,,,,397.9345056857018,Solid Squad Player
Martim Neto,Elche,es La Liga,Off_MF,22.0,457,5.1,282.15119047619055,Solid Squad Player,,,,
Pedro Neto,Chelsea,eng Premier League,FW,25.0,829,9.2,414.1411318150448,Top Starter,,,,
Cyril Ngonge,Torino,it Serie A,FW,25.0,638,7.1,251.79910148723022,Solid Squad Player,,,,
Nathan Ngoy,Lille,fr Ligue 1,DF,22.0,833,9.3,,,,,368.47099828424103,Solid Squad Player
Moussa Niakhate,Lyon,fr Ligue 1,DF,29.0,1004,11.2,,,,,427.86609380594336,Top Starter
Abdoulaye Niakhate Ndiaye,Parma,it Serie A,DF,23.0,496,5.5,,,,,508.40312903470794,Top Starter
Rasmus Nicolaisen,Toulouse,fr Ligue 1,DF,28.0,863,9.6,,,,,357.355193539404,Solid Squad Player
Hans Nicolussi Caviglia,Fiorentina,it Serie A,MF,25.0,569,6.3,,,465.3968253968254,Top Starter,,
Justin Njinmah,Werder Bremen,de Bundesliga,FW,25.0,481,5.3,287.30650037792896,Solid Squad Player,,,,
Felix Nmecha,Dortmund,de Bundesliga,MF,25.0,619,6.9,,,394.3961352657004,Solid Squad Player,,
Brooke Norton-Cuffy,Genoa,it Serie A,FW,21.0,990,11.0,107.37074829931973,Below Big-5 Level,,,,
Matheus Nunes,Manchester City,eng Premier League,DF,27.0,694,7.7,,,,,371.31790515249156,Solid Squad Player
Álvaro Núñez,Elche,es La Liga,DF,25.0,1071,11.9,,,,,248.83609584184546,Solid Squad Player
Unai Núñez,Hellas Verona,it Serie A,DF,28.0,638,7.1,,,,,422.9578641439279,Top Starter
Antonio Nusa,RB Leipzig,de Bundesliga,FW,20.0,614,6.8,309.61486816949,Solid Squad Player,,,,
M'Bala Nzola,Pisa,it Serie A,FW,29.0,709,7.9,291.74868203258796,Solid Squad Player,,,,
Jake O'Brien,Everton,eng Premier League,DF,24.0,869,9.7,,,,,282.1362685063173,Solid Squad Player
Matt O'Riley,Marseille,fr Ligue 1,MF,24.0,598,6.6,,,739.6969696969697,Top Starter,,
Adam Obert,Cagliari,it Serie A,DF,23.0,849,9.4,,,,,410.3983362661974,Top Starter
Jens Odgaard,Bologna,it Serie A,Off_MF,26.0,493,5.5,357.70638528138534,Solid Squad Player,,,,
Noah Okafor,Leeds United,eng Premier League,FW,25.0,517,5.7,308.0477317632706,Solid Squad Player,,,,
Michael Olise,Bayern Munich,de Bundesliga,FW,23.0,768,8.5,653.117157974301,Top Starter,,,,
Dani Olmo,Barcelona,es La Liga,Off_MF,27.0,599,6.7,433.79323619995256,Top Starter,,,,
Amadou Onana,Aston Villa,eng Premier League,Def_MF,24.0,485,5.4,,,,,457.5738056897477,Top Starter
Louis Oppie,St. Pauli,de Bundesliga,Off_MF,23.0,900,10.0,141.58333333333337,Below Big-5 Level,,,,
Gift Orban,Hellas Verona,it Serie A,FW,23.0,738,8.2,393.09792968678,Solid Squad Player,,,,
Willi Orban,RB Leipzig,de Bundesliga,DF,33.0,879,9.8,,,,,557.3409714763097,Top Starter
Riccardo Orsolini,Bologna,it Serie A,FW,28.0,742,8.2,470.41165680364304,Top Starter,,,,
Ibrahim Osman,Auxerre,fr Ligue 1,FW,20.0,513,5.7,284.4039861558659,Solid Squad Player,,,,
Abdoul Ouattara,Strasbourg,fr Ligue 1,MF,20.0,832,9.2,,,296.73913043478257,Solid Squad Player,,
Dango Ouattara,Brentford,eng Premier League,FW,23.0,641,7.1,290.08680123066443,Solid Squad Player,,,,
Kassoum Ouattara,Monaco,fr Ligue 1,FW,21.0,599,6.7,260.1705756929638,Solid Squad Player,,,,
Assan Ouedraogo,RB Leipzig,de Bundesliga,Off_MF,19.0,461,5.1,600.412488328665,Top Starter,,,,
Azzedine Ounahi,Girona,es La Liga,FW,25.0,527,5.9,316.92297295566055,Solid Squad Player,,,,
Elisha Owusu,Auxerre,fr Ligue 1,MF,28.0,909,10.1,,,202.9042904290429,Solid Squad Player,,
Mikel Oyarzabal,Real Sociedad,es La Liga,FW,28.0,1048,11.6,490.093661219277,Top Starter,,,,
Nico O’Reilly,Manchester City,eng Premier League,DF,20.0,686,7.6,,,,,340.751000307787,Solid Squad Player
Willian Pacho,Paris S-G,fr Ligue 1,DF,24.0,564,6.3,,,,,412.2486109453528,Top Starter
Pablo Pagis,Lorient,fr Ligue 1,FW,22.0,474,5.3,522.8835051840442,Top Starter,,,,
Igor Paixão,Marseille,fr Ligue 1,FW,25.0,579,6.4,252.82123960695384,Solid Squad Player,,,,
Isaac Palazón Camacho,Rayo Vallecano,es La Liga,FW,30.0,832,9.2,271.3268428144204,Solid Squad Player,,,,
Marco Palestra,Cagliari,it Serie A,FW,20.0,813,9.0,121.99886621315193,Below Big-5 Level,,,,
João Palhinha,Tottenham,eng Premier League,MF,30.0,861,9.6,,,276.3888888888889,Solid Squad Player,,
Emerson Palmieri,Marseille,fr Ligue 1,DF,31.0,667,7.4,,,,,344.2994874573821,Solid Squad Player
Joaquín Panichelli,Strasbourg,fr Ligue 1,FW,23.0,955,10.6,646.3699781799511,Top Starter,,,,
Lucas Paquetá,West Ham,eng Premier League,FW,28.0,958,10.6,286.20868095665935,Solid Squad Player,,,,
Victor Parada,Alavés,es La Liga,DF,23.0,498,5.5,,,,,301.65662089107065,Solid Squad Player
Aitor Paredes,Athletic Club,es La Liga,DF,25.0,550,6.1,,,,,335.34108495281924,Solid Squad Player
Thomas Partey,Villarreal,es La Liga,MF,32.0,568,6.3,,,240.95238095238096,Solid Squad Player,,
Mario Pašalić,Atalanta,it Serie A,MF,30.0,896,10.0,,,629.0000000000001,Top Starter,,
Benjamin Pavard,Marseille,fr Ligue 1,DF,29.0,638,7.1,,,,,275.0208855472013,Solid Squad Player
Strahinja Pavlović,Milan,it Serie A,DF,24.0,922,10.2,,,,,342.93314986813436,Solid Squad Player
Martín Payero,Cremonese,it Serie A,MF,27.0,501,5.6,,,243.21428571428575,Solid Squad Player,,
Nicolás Paz,Como,it Serie A,Off_MF,21.0,977,10.9,557.039518712684,Top Starter,,,,
Marcus Pedersen,Torino,it Serie A,DF,25.0,628,7.0,,,,,159.36716249498204,Below Big-5 Level
Alfonso Pedraza,Villarreal,es La Liga,Off_MF,29.0,452,5.0,230.3650793650794,Solid Squad Player,,,,
Pedri,Barcelona,es La Liga,MF,22.0,844,9.4,,,699.2907801418439,Top Starter,,
Mateo Pellegrino,Parma,it Serie A,FW,24.0,920,10.2,188.7523972551984,Below Big-5 Level,,,,
Nicolas Pépé,Villarreal,es La Liga,FW,30.0,750,8.3,490.472128878325,Top Starter,,,,
Kojo Peprah Oppong,Nice,fr Ligue 1,DF,21.0,1042,11.6,,,,,413.1852620055887,Top Starter
Mathias Pereira Lage,St. Pauli,de Bundesliga,FW,28.0,745,8.3,219.6026145397918,Solid Squad Player,,,,
Romain Perraud,Lille,fr Ligue 1,DF,28.0,793,8.8,,,,,278.98078529657465,Solid Squad Player
Máximo Perrone,Como,it Serie A,MF,22.0,778,8.6,,,333.79844961240315,Solid Squad Player,,
Prosper Peter,Angers,fr Ligue 1,FW,18.0,550,6.1,425.903721051262,Top Starter,,,,
Giuseppe Pezzella,Cremonese,it Serie A,DF,27.0,630,7.0,,,,,274.33518862090284,Solid Squad Player
Rayan Philippe,Hamburger SV,de Bundesliga,FW,25.0,643,7.1,383.1065120884035,Solid Squad Player,,,,
Santiago Pierotti,Lecce,it Serie A,FW,24.0,600,6.7,111.19732967813992,Below Big-5 Level,,,,
Andrea Pinamonti,Sassuolo,it Serie A,FW,26.0,917,10.2,297.7903087160789,Solid Squad Player,,,,
Yeremi Pino,Crystal Palace,eng Premier League,Off_MF,23.0,531,5.9,238.16275894538606,Solid Squad Player,,,,
Ernest Poku,Leverkusen,de Bundesliga,Off_MF,21.0,477,5.3,609.6799191374664,Top Starter,,,,
Matteo Politano,Napoli,it Serie A,FW,32.0,758,8.4,228.01571104632328,Solid Squad Player,,,,
Marin Pongračić,Fiorentina,it Serie A,DF,28.0,899,10.0,,,,,371.7500417710944,Solid Squad Player
Pedro Porro,Tottenham,eng Premier League,DF,26.0,865,9.6,,,,,314.7236145920356,Solid Squad Player
Portu,Girona,es La Liga,FW,33.0,474,5.3,118.16859196508794,Below Big-5 Level,,,,
Matteo Prati,Cagliari,it Serie A,MF,21.0,820,9.1,,,217.21611721611723,Solid Squad Player,,
Javi Puado,Espanyol,es La Liga,FW,27.0,661,7.3,368.55082885513406,Solid Squad Player,,,,
Jarell Quansah,Leverkusen,de Bundesliga,DF,22.0,706,7.8,,,,,340.9189640768588,Solid Squad Player
Leopold Querfeld,Union Berlin,de Bundesliga,DF,21.0,900,10.0,,,,,432.3331358699779,Top Starter
Antonio Raillo,Mallorca,es La Liga,DF,34.0,1080,12.0,,,,,438.3815093288777,Top Starter
Ylber Ramadani,Lecce,it Serie A,MF,29.0,962,10.7,,,174.57943925233644,Below Big-5 Level,,
Jacobo Ramón,Como,it Serie A,DF,20.0,717,8.0,,,,,435.33667502088554,Top Starter
Gonçalo Ramos,Paris S-G,fr Ligue 1,FW,24.0,632,7.0,321.1525213259906,Solid Squad Player,,,,
Luca Ranieri,Fiorentina,it Serie A,DF,26.0,810,9.0,,,,,356.95980692471915,Solid Squad Player
Lilian Raolisoa,Angers,fr Ligue 1,FW,25.0,649,7.2,165.24678760393047,Below Big-5 Level,,,,
Marcus Rashford,Barcelona,es La Liga,FW,28.0,804,8.9,536.181796563819,Top Starter,,,,
Andrei Ratiu,Rayo Vallecano,es La Liga,MF,27.0,1080,12.0,,,402.27777777777777,Top Starter,,
Raúl,Osasuna,es La Liga,FW,25.0,451,5.0,292.5438397581255,Solid Squad Player,,,,
David Raum,RB Leipzig,de Bundesliga,DF,27.0,900,10.0,,,,,409.7764411027568,Top Starter
Abde Rebbach,Alavés,es La Liga,FW,27.0,451,5.0,221.6292517006803,Solid Squad Player,,,,
Tijjani Reijnders,Manchester City,eng Premier League,Off_MF,27.0,758,8.4,322.8339569160998,Solid Squad Player,,,,
Alberto Reina,Oviedo,es La Liga,MF,28.0,621,6.9,,,298.5507246376811,Solid Squad Player,,
Vitor Reis,Girona,es La Liga,DF,19.0,888,9.9,,,,,458.935891918348,Top Starter
Rocco Reitz,Gladbach,de Bundesliga,MF,23.0,822,9.1,,,340.87912087912093,Solid Squad Player,,
Nicolai Remberg,Hamburger SV,de Bundesliga,Def_MF,25.0,900,10.0,,,,,380.1149758454106,Solid Squad Player
Elvis Rexhbeçaj,Augsburg,de Bundesliga,MF,28.0,504,5.6,,,246.30952380952385,Solid Squad Player,,
Oriol Rey,Levante,es La Liga,MF,27.0,580,6.4,,,157.91666666666666,Below Big-5 Level,,
Samuele Ricci,Milan,it Serie A,MF,24.0,493,5.5,,,462.06060606060606,Top Starter,,
Declan Rice,Arsenal,eng Premier League,MF,26.0,894,9.9,,,663.0976430976432,Top Starter,,
Chris Richards,Crystal Palace,eng Premier League,DF,25.0,990,11.0,,,,,483.6238806382346,Top Starter
Richarlison,Tottenham,eng Premier League,FW,28.0,635,7.1,472.43790254756044,Top Starter,,,,
Diego Rico,Getafe,es La Liga,DF,32.0,977,10.9,,,,,328.2499827550527,Solid Squad Player
Clemens Riedel,Espanyol,es La Liga,DF,22.0,495,5.5,,,,,401.27591706539073,Top Starter
Fabian Rieder,Augsburg,de Bundesliga,Off_MF,23.0,671,7.5,500.92566137566143,Top Starter,,,,
Hugo Rincón,Girona,es La Liga,MF,22.0,559,6.2,,,273.61290322580646,Solid Squad Player,,
Luis Rioja,Valencia,es La Liga,FW,32.0,851,9.5,258.318096829375,Solid Squad Player,,,,
Joel Roca,Girona,es La Liga,FW,20.0,592,6.6,212.88911793673702,Solid Squad Player,,,,
Joe Rodon,Leeds United,eng Premier League,DF,28.0,990,11.0,,,,,368.4757347915242,Solid Squad Player
Álvaro Rodríguez,Elche,es La Liga,FW,21.0,548,6.1,322.98647510005827,Solid Squad Player,,,,
Javi Rodríguez,Celta Vigo,es La Liga,DF,22.0,699,7.8,,,,,344.00531242636504,Solid Squad Player
Jesus Rodríguez,Como,it Serie A,FW,19.0,480,5.3,305.83551533821077,Solid Squad Player,,,,
Ricardo Rodríguez,Betis,es La Liga,DF,33.0,493,5.5,,,,,305.97827903091064,Solid Squad Player
Morgan Rogers,Aston Villa,eng Premier League,FW,23.0,976,10.8,183.56363203717703,Below Big-5 Level,,,,
Alessio Romagnoli,Lazio,it Serie A,DF,30.0,749,8.3,,,,,387.1518152811748,Solid Squad Player
Carlos Romero,Espanyol,es La Liga,DF,24.0,965,10.7,,,,,294.761315636869,Solid Squad Player
Cristian Romero,Tottenham,eng Premier League,DF,27.0,748,8.3,,,,,430.7612404505238,Top Starter
Isaac Romero,Sevilla,es La Liga,FW,25.0,627,7.0,327.5293164885001,Solid Squad Player,,,,
Iván Romero,Levante,es La Liga,FW,24.0,696,7.7,429.68467964386326,Top Starter,,,,
Rômulo,RB Leipzig,de Bundesliga,FW,23.0,805,8.9,499.66084910868216,Top Starter,,,,
Salomón Rondón,Oviedo,es La Liga,FW,36.0,730,8.1,242.9002640836856,Solid Squad Player,,,,
Valentin Rongier,Rennes,fr Ligue 1,MF,30.0,945,10.5,,,543.6825396825398,Top Starter,,
Marten de Roon,Atalanta,it Serie A,MF,34.0,544,6.0,,,255.77777777777777,Solid Squad Player,,
Valentin Rosier,Osasuna,es La Liga,Def_MF,29.0,611,6.8,,,,,419.81244671781764,Top Starter
Anthony Rouault,Rennes,fr Ligue 1,DF,24.0,720,8.0,,,,,433.79699248120295,Top Starter
Matteo Ruggeri,Atlético Madrid,es La Liga,DF,23.0,452,5.0,,,,,381.25981620718466,Solid Squad Player
Fabián Ruiz Peña,Paris S-G,fr Ligue 1,MF,29.0,449,5.0,,,605.8666666666668,Top Starter,,
Georginio Rutter,Brighton,eng Premier League,FW,23.0,678,7.5,196.9172335600907,Below Big-5 Level,,,,
Julian Ryerson,Dortmund,de Bundesliga,DF,28.0,518,5.8,,,,,235.36427275084262,Solid Squad Player
Elias Saad,Augsburg,de Bundesliga,FW,25.0,470,5.2,178.134484563056,Below Big-5 Level,,,,
Marcel Sabitzer,Dortmund,de Bundesliga,MF,31.0,543,6.0,,,412.88888888888886,Top Starter,,
Noah Sadiki,Sunderland,eng Premier League,MF,20.0,981,10.9,,,245.33333333333331,Solid Squad Player,,
Alexis Saelemaekers,Milan,it Serie A,FW,26.0,948,10.5,265.31353705503363,Solid Squad Player,,,,
Wesley Saïd,Lens,fr Ligue 1,MF,30.0,783,8.7,,,593.7471264367817,Top Starter,,
Bukayo Saka,Arsenal,eng Premier League,FW,24.0,681,7.6,424.6327127342165,Top Starter,,,,
Mohamed Salah,Liverpool,eng Premier League,FW,33.0,983,10.9,442.0131928408468,Top Starter,,,,
Manolis Saliakas,St. Pauli,de Bundesliga,DF,29.0,451,5.0,,,,,268.71979949874685,Solid Squad Player
William Saliba,Arsenal,eng Premier League,DF,24.0,724,8.0,,,,,311.22639933166244,Solid Squad Player
Mohammed Salisu,Monaco,fr Ligue 1,DF,26.0,630,7.0,,,,,558.7387516410073,Top Starter
Lazar Samardzic,Atalanta,it Serie A,Off_MF,23.0,458,5.1,435.03422813569887,Top Starter,,,,
Mbwana Samatta,Le Havre,fr Ligue 1,FW,32.0,513,5.7,138.81023988542785,Below Big-5 Level,,,,
Mama Samba Baldé,Brest,fr Ligue 1,FW,30.0,465,5.2,337.76114890400606,Solid Squad Player,,,,
Oihan Sancet,Athletic Club,es La Liga,Off_MF,25.0,617,6.9,281.16288244766497,Solid Squad Player,,,,
Juanlu Sánchez,Sevilla,es La Liga,FW,22.0,665,7.4,131.12152969295826,Below Big-5 Level,,,,
Manu Sánchez,Levante,es La Liga,DF,25.0,941,10.5,,,,,374.58922920577055,Solid Squad Player
Philipp Sander,Gladbach,de Bundesliga,MF,27.0,662,7.4,,,214.05405405405403,Solid Squad Player,,
James Sands,St. Pauli,de Bundesliga,MF,25.0,727,8.1,,,211.35802469135803,Solid Squad Player,,
Arouna Sangante,Le Havre,fr Ligue 1,DF,23.0,961,10.7,,,,,404.5084674302579,Top Starter
Ibrahim Sangaré,Nott'ham Forest,eng Premier League,MF,27.0,501,5.6,,,278.09523809523813,Solid Squad Player,,
Mamadou Sangare,Lens,fr Ligue 1,MF,23.0,867,9.6,,,400.97222222222223,Top Starter,,
Kaishu Sano,Mainz 05,de Bundesliga,MF,24.0,900,10.0,,,393.73333333333335,Solid Squad Player,,
Baptiste Santamaria,Valencia,es La Liga,MF,30.0,641,7.1,,,401.87793427230054,Top Starter,,
Ismaila Sarr,Crystal Palace,eng Premier League,FW,27.0,791,8.8,374.09204287775714,Solid Squad Player,,,,
Malang Sarr,Lens,fr Ligue 1,DF,26.0,990,11.0,,,,,468.29923293081185,Top Starter
Mamadou Sarr,Strasbourg,fr Ligue 1,DF,20.0,810,9.0,,,,,366.40712893344465,Solid Squad Player
Mario Sauer,Toulouse,fr Ligue 1,MF,21.0,470,5.2,,,216.84615384615387,Solid Squad Player,,
Joe Scally,Gladbach,de Bundesliga,DF,22.0,716,8.0,,,,,303.73182957393476,Solid Squad Player
Kevin Schade,Brentford,eng Premier League,FW,23.0,920,10.2,315.1730469965764,Solid Squad Player,,,,
Patrik Schick,Leverkusen,de Bundesliga,FW,29.0,548,6.1,608.8330111643929,Top Starter,,,,
Keven Schlotterbeck,Augsburg,de Bundesliga,DF,28.0,495,5.5,,,,,382.201564517354,Solid Squad Player
Nico Schlotterbeck,Dortmund,de Bundesliga,DF,25.0,540,6.0,,,,,437.849067112225,Top Starter
Romano Schmid,Werder Bremen,de Bundesliga,FW,25.0,864,9.6,405.83251448727634,Top Starter,,,,
Joël Schmied,Köln,de Bundesliga,DF,27.0,733,8.1,,,,,392.59713068679935,Solid Squad Player
Jan Schöppner,Heidenheim,de Bundesliga,Def_MF,26.0,714,7.9,,,,,346.680119855684,Solid Squad Player
Alex Scott,Bournemouth,eng Premier League,MF,22.0,728,8.1,,,284.9382716049382,Solid Squad Player,,
Sebastian Sebulonsen,Köln,de Bundesliga,DF,25.0,730,8.1,,,,,247.0805521097919,Solid Squad Player
Nicolas Seiwald,RB Leipzig,de Bundesliga,Def_MF,24.0,815,9.1,,,,,518.6908743430483,Top Starter
Ayumu Seko,Le Havre,fr Ligue 1,MF,25.0,1005,11.2,,,192.26190476190476,Below Big-5 Level,,
Antoine Semenyo,Bournemouth,eng Premier League,FW,25.0,989,11.0,515.0153576582148,Top Starter,,,,
Marvin Senaya,Auxerre,fr Ligue 1,DF,24.0,1037,11.5,,,,,348.2456866804693,Solid Squad Player
Marcos Senesi,Bournemouth,eng Premier League,DF,28.0,977,10.9,,,,,540.5979781257425,Top Starter
Suat Serdar,Hellas Verona,it Serie A,MF,28.0,757,8.4,,,411.2857142857143,Top Starter,,
Benjamin Šeško,Manchester Utd,eng Premier League,FW,22.0,621,6.9,314.907319771709,Solid Squad Player,,,,
Ryan Sessegnon,Fulham,eng Premier League,DF,25.0,836,9.3,,,,,359.83219697990495,Solid Squad Player
Luke Shaw,Manchester Utd,eng Premier League,DF,30.0,933,10.4,,,,,331.87263029368285,Solid Squad Player
Djibril Sidibé,Toulouse,fr Ligue 1,MF,33.0,727,8.1,,,264.641975308642,Solid Squad Player,,
Francisco Sierralta,Auxerre,fr Ligue 1,DF,28.0,861,9.6,,,,,360.084238373712,Solid Squad Player
Tim Siersleben,Heidenheim,de Bundesliga,DF,25.0,627,7.0,,,,,501.29019518493203,Top Starter
André Silva,Elche,es La Liga,FW,30.0,618,6.9,518.1018819766231,Top Starter,,,,
Bernardo Silva,Manchester City,eng Premier League,MF,31.0,644,7.2,,,608.425925925926,Top Starter,,
Caio Henrique Oliveira Silva,Monaco,fr Ligue 1,DF,28.0,685,7.6,,,,,237.28795673394015,Solid Squad Player
Giovanni Simeone,Torino,it Serie A,FW,30.0,751,8.3,398.63543061133413,Solid Squad Player,,,,
Giuliano Simeone,Atlético Madrid,es La Liga,FW,22.0,893,9.9,375.8330890156286,Solid Squad Player,,,,
Moses Simon,Paris FC,fr Ligue 1,FW,30.0,905,10.1,351.892380054332,Solid Squad Player,,,,
Xavi Simons,Tottenham,eng Premier League,FW,22.0,532,5.9,187.90493485529805,Below Big-5 Level,,,,
Danel Sinani,St. Pauli,de Bundesliga,FW,28.0,756,8.4,341.77392650181764,Solid Squad Player,,,,
Lassine Sinayoko,Auxerre,fr Ligue 1,FW,25.0,995,11.1,296.80656166370454,Solid Squad Player,,,,
Leo Skiri Østigård,Genoa,it Serie A,DF,25.0,765,8.5,,,,,369.36733991842345,Solid Squad Player
Eric Smith,St. Pauli,de Bundesliga,DF,28.0,900,10.0,,,,,340.5126148705096,Solid Squad Player
Ivan Smolčić,Como,it Serie A,DF,25.0,595,6.6,,,,,465.68947621579196,Top Starter
Carlos Soler,Real Sociedad,es La Liga,MF,28.0,452,5.0,,,432.4,Top Starter,,
Oumar Solet,Udinese,it Serie A,DF,25.0,959,10.7,,,,,450.68059556992165,Top Starter
Hugo Sotelo,Celta Vigo,es La Liga,MF,21.0,711,7.9,,,558.3966244725739,Top Starter,,
Matìas Soulé,Roma,it Serie A,FW,22.0,784,8.7,435.2051111632393,Top Starter,,,,
Issa Soumaré,Le Havre,fr Ligue 1,FW,25.0,1080,12.0,387.7645502645502,Solid Squad Player,,,,
Vinicius Souza,Wolfsburg,de Bundesliga,Def_MF,26.0,787,8.7,,,,,469.9405852629243,Top Starter
Djibril Sow,Sevilla,es La Liga,MF,28.0,552,6.1,,,313.6612021857924,Solid Squad Player,,
Djed Spence,Tottenham,eng Premier League,DF,25.0,758,8.4,,,,,243.2326848868202,Solid Squad Player
Leonardo Spinazzola,Napoli,it Serie A,Off_MF,32.0,535,5.9,379.7391646489105,Solid Squad Player,,,,
Anton Stach,Leeds United,eng Premier League,MF,27.0,799,8.9,,,506.44194756554305,Top Starter,,
Jens Stage,Werder Bremen,de Bundesliga,Def_MF,29.0,650,7.2,,,,,352.5697799248524,Solid Squad Player
Benjamin Stambouli,Metz,fr Ligue 1,Def_MF,35.0,535,5.9,,,,,328.029968066814,Solid Squad Player
Angelo Stiller,Stuttgart,de Bundesliga,MF,24.0,777,8.6,,,741.3953488372093,Top Starter,,
Jørgen Strand Larsen,Wolves,eng Premier League,FW,25.0,707,7.9,149.38071318541483,Below Big-5 Level,,,,
Pascal Struijk,Leeds United,eng Premier League,DF,26.0,729,8.1,,,,,329.4821415679115,Solid Squad Player
Nikola Štulić,Lecce,it Serie A,FW,24.0,648,7.2,94.27777777777777,Below Big-5 Level,,,,
Gabriel Suazo,Sevilla,es La Liga,MF,28.0,840,9.3,,,482.72401433691755,Top Starter,,
Petar Sucic,Inter,it Serie A,MF,22.0,539,6.0,,,712.3333333333333,Top Starter,,
Yukinari Sugawara,Werder Bremen,de Bundesliga,DF,25.0,791,8.8,,,,,311.0921242500189,Solid Squad Player
Pavel Šulc,Lyon,fr Ligue 1,FW,24.0,494,5.5,708.4669140383426,Top Starter,,,,
Kamaldeen Sulemana,Atalanta,it Serie A,Off_MF,23.0,486,5.4,389.98783068783064,Solid Squad Player,,,,
Crysencio Summerville,West Ham,eng Premier League,FW,24.0,640,7.1,146.76837213758745,Below Big-5 Level,,,,
Daniel Svensson,Dortmund,de Bundesliga,Off_MF,23.0,833,9.3,176.8219534050179,Below Big-5 Level,,,,
Dominik Szoboszlai,Liverpool,eng Premier League,MF,25.0,990,11.0,,,527.2121212121212,Top Starter,,
Alexander Sørloth,Atlético Madrid,es La Liga,FW,29.0,491,5.5,320.6492819349963,Solid Squad Player,,,,
Musa Al-Taamari,Rennes,fr Ligue 1,FW,28.0,572,6.4,369.2464096749811,Solid Squad Player,,,,
Haris Tabakovic,Gladbach,de Bundesliga,FW,31.0,571,6.3,764.8237231400498,World Class,,,,
Nicolás Tagliafico,Lyon,fr Ligue 1,DF,33.0,640,7.1,,,,,373.8783578664972,Solid Squad Player
Jonathan Tah,Bayern Munich,de Bundesliga,DF,29.0,787,8.7,,,,,374.3227801304026,Solid Squad Player
Chemsdine Talbi,Sunderland,eng Premier League,FW,20.0,591,6.6,201.90509402414168,Solid Squad Player,,,,
Montassar Talbi,Lorient,fr Ligue 1,DF,27.0,1080,12.0,,,,,383.6636034530771,Solid Squad Player
Adrien Tameze,Torino,it Serie A,Def_MF,31.0,451,5.0,,,,,386.8154589371981,Solid Squad Player
Edmond Tapsoba,Leverkusen,de Bundesliga,DF,26.0,865,9.6,,,,,392.0704539125591,Solid Squad Player
James Tarkowski,Everton,eng Premier League,DF,33.0,990,11.0,,,,,460.51613883192823,Top Starter
César Tárrega,Valencia,es La Liga,DF,23.0,1080,12.0,,,,,473.5499860763018,Top Starter
Tylel Tati,Nantes,fr Ligue 1,DF,17.0,965,10.7,,,,,385.3008902885933,Solid Squad Player
Nuno Tavares,Lazio,it Serie A,DF,25.0,461,5.1,,,,,309.81899192425504,Solid Squad Player
Marcus Tavernier,Bournemouth,eng Premier League,FW,26.0,856,9.5,292.6216931216931,Solid Squad Player,,,,
Jackson Tchatchoua,Wolves,eng Premier League,MF,24.0,522,5.8,,,240.06896551724142,Solid Squad Player,,
Aurélien Tchouaméni,Real Madrid,es La Liga,MF,25.0,874,9.7,,,245.15463917525773,Solid Squad Player,,
Nahuel Tenaglia,Alavés,es La Liga,DF,29.0,990,11.0,,,,,391.1597174755069,Solid Squad Player
Filippo Terracciano,Cremonese,it Serie A,DF,22.0,889,9.9,,,,,420.6293511556669,Top Starter
Tanner Tessmann,Lyon,fr Ligue 1,MF,24.0,859,9.5,,,321.4736842105263,Solid Squad Player,,
Kenny Tete,Fulham,eng Premier League,DF,30.0,719,8.0,,,,,389.1871345029239,Solid Squad Player
Jordan Teze,Monaco,fr Ligue 1,MF,26.0,863,9.6,,,405.8333333333333,Top Starter,,
Florian Thauvin,Lens,fr Ligue 1,Off_MF,32.0,914,10.2,491.2902194211018,Top Starter,,,,
Arthur Theate,Eint Frankfurt,de Bundesliga,DF,25.0,900,10.0,,,,,376.104260651629,Solid Squad Player
Thiago,Brentford,eng Premier League,FW,24.0,922,10.2,526.5518726008922,Top Starter,,,,
Malick Thiaw,Newcastle Utd,eng Premier League,DF,24.0,633,7.0,,,,,472.0114572144647,Top Starter
Adrien Thomasson,Lens,fr Ligue 1,MF,31.0,1073,11.9,,,677.3109243697479,Top Starter,,
Kristian Thorstvedt,Sassuolo,it Serie A,MF,26.0,500,5.6,,,500.5952380952381,Top Starter,,
Khéphren Thuram,Juventus,it Serie A,MF,24.0,688,7.6,,,429.6491228070175,Top Starter,,
Cheikh Tidiane Sabaly,Metz,fr Ligue 1,FW,26.0,785,8.7,203.57275783876773,Solid Squad Player,,,,
Jurriën Timber,Arsenal,eng Premier League,DF,24.0,882,9.8,,,,,291.0466642797469,Solid Squad Player
Jean-Clair Todibo,West Ham,eng Premier League,DF,25.0,486,5.4,,,,,367.76632940375623,Solid Squad Player
Corentin Tolisso,Lyon,fr Ligue 1,MF,31.0,947,10.5,,,382.66666666666663,Solid Squad Player,,
Jeremy Toljan,Levante,es La Liga,DF,31.0,1020,11.3,,,,,362.8857071614407,Solid Squad Player
Tiago Tomás,Stuttgart,de Bundesliga,FW,23.0,455,5.1,506.56138010759867,Top Starter,,,,
Fikayo Tomori,Milan,it Serie A,DF,27.0,684,7.6,,,,,351.1603570329332,Solid Squad Player
Sandro Tonali,Newcastle Utd,eng Premier League,MF,25.0,870,9.7,,,510.446735395189,Top Starter,,
Pablo Torre,Mallorca,es La Liga,FW,22.0,541,6.0,201.15873015873018,Solid Squad Player,,,,
Ferrán Torres,Barcelona,es La Liga,FW,25.0,695,7.7,595.6104436002394,Top Starter,,,,
Pau Torres,Aston Villa,eng Premier League,DF,28.0,599,6.7,,,,,355.51166473397416,Solid Squad Player
Lucas Torró,Osasuna,es La Liga,MF,31.0,795,8.8,,,161.06060606060606,Below Big-5 Level,,
Abdoulaye Touré,Le Havre,fr Ligue 1,MF,31.0,683,7.6,,,266.31578947368416,Solid Squad Player,,
Alpha Touré,Metz,fr Ligue 1,MF,19.0,622,6.9,,,222.6086956521739,Solid Squad Player,,
Bazoumana Touré,Hoffenheim,de Bundesliga,FW,19.0,804,8.9,326.1052680747705,Solid Squad Player,,,,
Idrissa Touré,Pisa,it Serie A,DF,27.0,730,8.1,,,,,324.3394681991173,Solid Squad Player
Mattéo Tramoni,Pisa,it Serie A,FW,25.0,525,5.8,200.97501759324416,Solid Squad Player,,,,
Boubacar Traoré,Metz,fr Ligue 1,Def_MF,24.0,629,7.0,,,,,322.6590752242927,Solid Squad Player
Omar Traoré,Heidenheim,de Bundesliga,DF,27.0,689,7.7,,,,,262.0317026332064,Solid Squad Player
Christopher Trimmel,Union Berlin,de Bundesliga,DF,38.0,614,6.8,,,,,227.46777817985247,Solid Squad Player
Kieran Trippier,Newcastle Utd,eng Premier League,DF,35.0,699,7.8,,,,,284.43930338667184,Solid Squad Player
Leandro Trossard,Arsenal,eng Premier League,FW,30.0,643,7.1,372.7760318524905,Solid Squad Player,,,,
Adrien Truffert,Bournemouth,eng Premier League,DF,23.0,962,10.7,,,,,377.05728495694063,Solid Squad Player
Heorhii Tsitaishvili,Metz,fr Ligue 1,FW,25.0,699,7.8,180.2673120530264,Below Big-5 Level,,,,
Axel Tuanzebe,Burnley,eng Premier League,DF,28.0,450,5.0,,,,,387.993984962406,Solid Squad Player
Matthieu Udol,Lens,fr Ligue 1,DF,29.0,1069,11.9,,,,,384.47669977081733,Solid Squad Player
Lesley Ugochukwu,Burnley,eng Premier League,MF,21.0,590,6.6,,,205.37373737373738,Solid Squad Player,,
Lukas Ullrich,Gladbach,de Bundesliga,DF,21.0,623,6.9,,,,,332.5182521521193,Solid Squad Player
Dayot Upamecano,Bayern Munich,de Bundesliga,DF,27.0,652,7.2,,,,,329.6565487793558,Solid Squad Player
Can Uzun,Eint Frankfurt,de Bundesliga,Off_MF,20.0,586,6.5,659.1234737484738,Top Starter,,,,
Josha Vagnoman,Stuttgart,de Bundesliga,DF,24.0,532,5.9,,,,,275.22025402489277,Solid Squad Player
Lautaro Valenti,Parma,it Serie A,DF,26.0,588,6.5,,,,,411.7732092468935,Top Starter
Óscar Valentín,Rayo Vallecano,es La Liga,Def_MF,31.0,576,6.4,,,,,518.5054347826087,Top Starter
Germán Valera,Elche,es La Liga,FW,23.0,772,8.6,213.8380969959043,Solid Squad Player,,,,
Emanuele Valeri,Parma,it Serie A,DF,26.0,498,5.5,,,,,253.68468001960827,Solid Squad Player
Martin Valjent,Mallorca,es La Liga,DF,29.0,1080,12.0,,,,,388.03731551099975,Solid Squad Player
Álex Valle,Como,it Serie A,DF,21.0,756,8.4,,,,,368.5897282889763,Solid Squad Player
Federico Valverde,Real Madrid,es La Liga,MF,27.0,988,11.0,,,620.0000000000001,Top Starter,,
Virgil van Dijk,Liverpool,eng Premier League,DF,34.0,990,11.0,,,,,435.4194577352472,Top Starter
Vladyslav Vanat,Girona,es La Liga,FW,23.0,632,7.0,257.67973221034447,Solid Squad Player,,,,
Jari Vandeputte,Cremonese,it Serie A,MF,29.0,734,8.2,,,706.3414634146343,Top Starter,,
Charles Vanhoutte,Nice,fr Ligue 1,Def_MF,27.0,716,8.0,,,,,420.39371980676333,Top Starter
Jamie Vardy,Cremonese,it Serie A,FW,38.0,515,5.7,266.2992534245667,Solid Squad Player,,,,
Ruben Vargas,Sevilla,es La Liga,FW,27.0,810,9.0,428.03451751070804,Top Starter,,,,
Johan Vásquez,Genoa,it Serie A,DF,27.0,990,11.0,,,,,391.28973950026574,Solid Squad Player
José Luis García Vayá,Valencia,es La Liga,MF,27.0,705,7.8,,,284.87179487179486,Solid Squad Player,,
Danilo Veiga,Lecce,it Serie A,DF,23.0,762,8.5,,,,,338.88014153029627,Solid Squad Player
Renato Veiga,Villarreal,es La Liga,DF,22.0,795,8.8,,,,,372.40525556315026,Solid Squad Player
Micky van de Ven,Tottenham,eng Premier League,DF,24.0,979,10.9,,,,,365.8546979068466,Solid Squad Player
Carlos Vicente,Alavés,es La Liga,FW,26.0,749,8.3,357.30207906455746,Solid Squad Player,,,,
Nacho Vidal,Oviedo,es La Liga,DF,30.0,709,7.9,,,,,360.5350930067785,Solid Squad Player
Federico Viñas,Oviedo,es La Liga,FW,27.0,498,5.5,203.35741771456057,Solid Squad Player,,,,
Vitinha,Genoa,it Serie A,FW,25.0,460,5.1,136.70308123249296,Below Big-5 Level,,,,
Vitinha,Paris S-G,fr Ligue 1,MF,25.0,787,8.7,,,782.9885057471266,World Class,,
Daniel Vivian,Athletic Club,es La Liga,DF,26.0,960,10.7,,,,,383.2365961633054,Solid Squad Player
Dušan Vlahović,Juventus,it Serie A,FW,25.0,563,6.3,423.84998020372177,Top Starter,,,,
Nikola Vlašić,Torino,it Serie A,FW,28.0,753,8.4,138.45092322643342,Below Big-5 Level,,,,
Mërgim Vojvoda,Como,it Serie A,FW,30.0,498,5.5,238.67096131381845,Solid Squad Player,,,,
Luka Vušković,Hamburger SV,de Bundesliga,DF,18.0,720,8.0,,,,,508.98997493734333,Top Starter
Hauke Wahl,St. Pauli,de Bundesliga,DF,31.0,810,9.0,,,,,263.47572635291925,Solid Squad Player
Kyle Walker,Burnley,eng Premier League,DF,35.0,990,11.0,,,,,430.30181514392035,Top Starter
Kyle Walker-Peters,West Ham,eng Premier League,DF,28.0,470,5.2,,,,,288.08302808302807,Solid Squad Player
Sebastian Walukiewicz,Sassuolo,it Serie A,DF,25.0,844,9.4,,,,,245.7292166586679,Solid Squad Player
Aaron Wan-Bissaka,West Ham,eng Premier League,DF,27.0,561,6.2,,,,,372.4774301344759,Solid Squad Player
Ollie Watkins,Aston Villa,eng Premier League,FW,29.0,866,9.6,171.20792391030488,Below Big-5 Level,,,,
Timothy Weah,Marseille,fr Ligue 1,FW,25.0,521,5.8,170.39127375087963,Below Big-5 Level,,,,
Danny Welbeck,Brighton,eng Premier League,FW,34.0,712,7.9,522.2336462010965,Top Starter,,,,
Wesley,Roma,it Serie A,Off_MF,22.0,848,9.4,202.58534278959812,Solid Squad Player,,,,
Adam Wharton,Crystal Palace,eng Premier League,MF,21.0,695,7.7,,,446.58008658008663,Top Starter,,
Mats Wieffer,Brighton,eng Premier League,DF,26.0,641,7.1,,,,,400.7351712614871,Top Starter
Iñaki Williams,Athletic Club,es La Liga,FW,31.0,672,7.5,223.10292265054167,Solid Squad Player,,,,
Neco Williams,Nott'ham Forest,eng Premier League,DF,24.0,990,11.0,,,,,358.1717931191615,Solid Squad Player
Nico Williams,Athletic Club,es La Liga,FW,23.0,535,5.9,413.2819029683437,Top Starter,,,,
Harry Wilson,Fulham,eng Premier League,FW,28.0,654,7.3,245.0861004980379,Solid Squad Player,,,,
Florian Wirtz,Liverpool,eng Premier League,FW,22.0,689,7.7,212.38417704744234,Solid Squad Player,,,,
Axel Witsel,Girona,es La Liga,MF,36.0,725,8.1,,,257.77777777777777,Solid Squad Player,,
Nick Woltemade,Newcastle Utd,eng Premier League,FW,23.0,612,6.8,411.8088124138544,Top Starter,,,,
Chris Wood,Nott'ham Forest,eng Premier League,FW,33.0,540,6.0,306.08327034517515,Solid Squad Player,,,,
Granit Xhaka,Sunderland,eng Premier League,MF,33.0,990,11.0,,,592.7272727272727,Top Starter,,
Lamine Yamal,Barcelona,es La Liga,FW,18.0,632,7.0,675.4177734585897,Top Starter,,,,
Yehor Yarmoliuk,Brentford,eng Premier League,MF,21.0,869,9.7,,,307.4914089347079,Solid Squad Player,,
Terry Yegbe,Metz,fr Ligue 1,DF,24.0,841,9.3,,,,,411.6010456248147,Top Starter
Kenan Yıldız,Juventus,it Serie A,FW,20.0,823,9.1,446.2247099083833,Top Starter,,,,
Leny Yoro,Manchester Utd,eng Premier League,DF,20.0,642,7.1,,,,,387.0088366456047,Solid Squad Player
Illia Zabarnyi,Paris S-G,fr Ligue 1,DF,23.0,923,10.3,,,,,345.2534248241964,Solid Squad Player
Mattia Zaccagni,Lazio,it Serie A,FW,30.0,860,9.6,289.09259259259267,Solid Squad Player,,,,
Warren Zaïre-Emery,Paris S-G,fr Ligue 1,MF,19.0,898,10.0,,,574.9333333333334,Top Starter,,
Andre-Frank Zambo Anguissa,Napoli,it Serie A,MF,30.0,933,10.4,,,450.3205128205128,Top Starter,,
Nicolò Zaniolo,Udinese,it Serie A,FW,26.0,552,6.1,411.22891342329285,Top Starter,,,,
Alessandro Zanoli,Udinese,it Serie A,DF,25.0,535,5.9,,,,,271.2392692053708,Solid Squad Player
Gabriele Zappa,Cagliari,it Serie A,DF,25.0,603,6.7,,,,,319.2977468546989,Solid Squad Player
Davide Zappacosta,Atalanta,it Serie A,DF,33.0,648,7.2,,,,,224.09820848417343,Solid Squad Player
Bryan Zaragoza,Celta Vigo,es La Liga,FW,24.0,515,5.7,178.1842701993078,Below Big-5 Level,,,,
Aaron Zehnter,Wolfsburg,de Bundesliga,DF,21.0,539,6.0,,,,,332.054479633427,Solid Squad Player
Alessio Zerbin,Cremonese,it Serie A,MF,26.0,520,5.8,,,386.50574712643675,Solid Squad Player,,
Yanis Zouaoui,Le Havre,fr Ligue 1,DF,31.0,873,9.7,,,,,263.45451257008506,Solid Squad Player
Igor Zubeldia,Real Sociedad,es La Liga,DF,28.0,1080,12.0,,,,,389.8886104149261,Solid Squad Player
Martín Zubimendi,Arsenal,eng Premier League,MF,26.0,937,10.4,,,423.0128205128205,Top Starter,,
